actor,movie_or_TV_name
Elijah Wood,The Toxic Avenger
Elijah Wood,L.A. Rush
Elijah Wood,The Elephant 6 Recording Co.
Elijah Wood,Yellowjackets
Elijah Wood,No Man of God
Elijah Wood,Solar Noise
Elijah Wood,Home Movie: The Princess Bride
Elijah Wood,Come to Daddy
Elijah Wood,Star Wars Resistance
Elijah Wood,The Panama Papers
Elijah Wood,Summer Camp Island
Elijah Wood,78/52
Elijah Wood,I Don't Feel at Home in This World Anymore
Elijah Wood,Dirk Gently's Holistic Detective Agency
Elijah Wood,The Trust
Elijah Wood,Join or Die with Craig Ferguson
Elijah Wood,The Last Witch Hunter
Elijah Wood,The Late Show with Stephen Colbert
Elijah Wood,Henry
Elijah Wood,Behind Over the Garden Wall
Elijah Wood,Made in Japan
Elijah Wood,Hot Ones
Elijah Wood,Set Fire to the Stars
Elijah Wood,Over the Garden Wall
Elijah Wood,Cooties
Elijah Wood,Why Horror?
Elijah Wood,Open Windows
Elijah Wood,Late Night with Seth Meyers
Elijah Wood,The Tonight Show Starring Jimmy Fallon
Elijah Wood,Off Camera with Sam Jones
Elijah Wood,This Must Be the Only Fantasy
Elijah Wood,Mundos virtuales
Elijah Wood,Tome of the Unknown
Elijah Wood,Grand Piano
Megan Edwards,Mr. Corman
Megan Edwards,Mortal Engines
Megan Edwards,The Lord of the Rings: The Fellowship of the Ring
Megan Edwards,Hercules: The Legendary Journeys
Elijah Wood,Pawn Shop Chronicles
Elijah Wood,A Band Called Death
Elijah Wood,"Setup, Punch"
Elijah Wood,Peter Panzerfaust
Elijah Wood,Maniac
Elijah Wood,The Hobbit: An Unexpected Journey
Elijah Wood,The Narrative of Victor Karloch
Elijah Wood,Celeste & Jesse Forever
Elijah Wood,Revenge for Jolly!
Elijah Wood,TRON: Uprising
Elijah Wood,Double Fine Adventure
Elijah Wood,Treasure Island
Elijah Wood,Happy Feet Two
Elijah Wood,Nightmare Factory
Elijah Wood,Wilfred
Elijah Wood,Fight for Your Right Revisited
Elijah Wood,Boobie
Elijah Wood,WWII in HD: The Air War
Elijah Wood,Conan
Elijah Wood,The Romantics
Elijah Wood,Never Sleep Again: The Elm Street Legacy
Elijah Wood,The Heart is a Drum Machine
Elijah Wood,Funny or Die Presents
Elijah Wood,Beyond All Boundaries
Elijah Wood,9
Elijah Wood,"Glenn Martin, DDS"
Elijah Wood,Operation Filmmaker
Elijah Wood,The Oxford Murders
Elijah Wood,Yo Gabba Gabba!
Elijah Wood,Day Zero
Elijah Wood,The Graham Norton Show
Elijah Wood,Happy Feet
Elijah Wood,Freak Show
Lawrence Makoare,Fundamental
Lawrence Makoare,Occupation: Rainfall
Lawrence Makoare,The Dead Lands
Lawrence Makoare,The Hobbit: The Desolation of Smaug
Lawrence Makoare,The Ferryman
Lawrence Makoare,The Making of The Fellowship of the Ring
Lawrence Makoare,The Lord of the Rings: The Return of the King
Lawrence Makoare,Die Another Day
Lawrence Makoare,The Lord of the Rings: The Fellowship of the Ring
Lawrence Makoare,Crooked Earth
Lawrence Makoare,The Price of Milk
Elijah Wood,Bobby
Elijah Wood,The Making of The Fellowship of the Ring
Elijah Wood,Paris Je T'aime
Elijah Wood,The Colbert Report
Elijah Wood,Jack Osbourne: Adrenaline Junkie
Elijah Wood,Made in Hollywood
Elijah Wood,Everything Is Illuminated
Elijah Wood,Green Street Hooligans
Elijah Wood,I’m Still Here: Real Diaries of Young People Who Lived During the Holocaust
Elijah Wood,Sin City
Elijah Wood,American Dad!
Elijah Wood,The Friday Night Project
Elijah Wood,Ringers: Lord of the Fans
Elijah Wood,Frodo Is Great... Who Is That?!!
Elijah Wood,Eternal Sunshine of the Spotless Mind
Elijah Wood,The Quest Fulfilled: A Director's Vision
Lawrence Makoare,What Becomes of the Broken Hearted?
Lawrence Makoare,Xena: Warrior Princess
Lawrence Makoare,Rapa Nui
Elijah Wood,The Lord of the Rings: The Return of the King
Elijah Wood,Spy Kids 3-D: Game Over
Elijah Wood,Red vs. Blue
Elijah Wood,Punk'd
Elijah Wood,Jimmy Kimmel Live!
Elijah Wood,The Lord of the Rings: The Two Towers
Elijah Wood,The Cranberries - Stars: The Best Videos 1992-2002
Elijah Wood,Ash Wednesday
Elijah Wood,Try Seventeen
Elijah Wood,The Adventures of Tom Thumb & Thumbelina
Elijah Wood,Beyond the Movie: The Fellowship of the Ring
Elijah Wood,The Lord of the Rings: The Fellowship of the Ring
Elijah Wood,A Passage to Middle-earth: Making of 'Lord of the Rings'
Elijah Wood,Quest for the Ring
Elijah Wood,Chain of Fools
Elijah Wood,The Bumblebee Flies Anyway
Elijah Wood,Black and White
Elijah Wood,Family Guy
Elijah Wood,The Faculty
Elijah Wood,TRL
Elijah Wood,Deep Impact
Elijah Wood,The Wonderful World of Disney
Elijah Wood,Oliver Twist
Elijah Wood,Taff
Elijah Wood,The Ice Storm
Elijah Wood,King of the Hill
Elijah Wood,Adventures from the Book of Virtues
Elijah Wood,The Daily Show with Trevor Noah
Elijah Wood,Flipper
Elijah Wood,The War
Elijah Wood,North
Elijah Wood,Exclusiv - Das Star-Magazin
Elijah Wood,The Good Son
Elijah Wood,Frasier
Elijah Wood,Late Night with Conan O'Brien
Elijah Wood,The Adventures of Huck Finn
Elijah Wood,Homicide: Life on the Street
Elijah Wood,Forever Young
Elijah Wood,The Tonight Show with Jay Leno
Elijah Wood,Day-O
Elijah Wood,Radio Flyer
Elijah Wood,The Witness
Elijah Wood,Paradise
Elijah Wood,Avalon
Elijah Wood,Child in the Night
Elijah Wood,Internal Affairs
Elijah Wood,Back to the Future Part II
Elijah Wood,Wanna Bet?
Elijah Wood,Saturday Night Live
Elijah Wood,The Oscars
Marton Csokas,Cuckoo
Marton Csokas,Freelance
Marton Csokas,Chevalier
Marton Csokas,Prizefighter: The Life of Jem Belcher
Marton Csokas,The Last Duel
Marton Csokas,Juniper
Marton Csokas,The Luminaries
Marton Csokas,Mark Felt: The Man Who Brought Down the White House
Marton Csokas,Voice from the Stone
Marton Csokas,Loving
Marton Csokas,Dark Crimes
Marton Csokas,Burn Your Maps
Noel Appleby,The Lord of the Rings: The Return of the King
Noel Appleby,Cupid's Prey
Noel Appleby,The Lord of the Rings: The Fellowship of the Ring
Noel Appleby,Channelling Baby
Noel Appleby,My Grandpa Is a Vampire
Noel Appleby,Shrimp On The Barbie
Noel Appleby,The Navigator: A Medieval Odyssey
Marton Csokas,Into the Badlands
Marton Csokas,Sons of Liberty
Marton Csokas,The Equalizer
Marton Csokas,Sin City: A Dame to Kill For
Marton Csokas,The Amazing Spider-Man 2
Marton Csokas,Noah
Marton Csokas,Klondike
Marton Csokas,Pawn
Marton Csokas,Rogue
Marton Csokas,Dead Europe
Marton Csokas,Falcón
Marton Csokas,Abraham Lincoln: Vampire Hunter
Marton Csokas,Dream House
Marton Csokas,The Debt
Marton Csokas,South Solitary
Marton Csokas,With Love... from the Age of Reason
Marton Csokas,Alice in Wonderland
Marton Csokas,The Tree
Marton Csokas,"Romulus, My Father"
Marton Csokas,The Path to Redemption
Marton Csokas,Æon Flux
Marton Csokas,Asylum
Marton Csokas,The Great Raid
Marton Csokas,Star Wars: Episode III - Revenge of the Sith
Marton Csokas,Kingdom of Heaven
Marton Csokas,The Bourne Supremacy
Marton Csokas,Evilenko
Marton Csokas,The Lord of the Rings: The Return of the King
Marton Csokas,Timeline
Marton Csokas,Kangaroo Jack
Marton Csokas,Garage Days
Marton Csokas,xXx
Marton Csokas,Star Wars: Episode II - Attack of the Clones
Marton Csokas,The Lord of the Rings: The Fellowship of the Ring
Marton Csokas,Rain
Marton Csokas,The Monkey's Mask
Marton Csokas,The Three Stooges
Marton Csokas,Cleopatra 2525
Marton Csokas,The Farm
Marton Csokas,Accidents
Marton Csokas,The Lost World
Marton Csokas,Farscape
Marton Csokas,Hurrah
Marton Csokas,Broken English
Marton Csokas,Twilight of the Gods
Marton Csokas,Water Rats
Marton Csokas,Xena: Warrior Princess
Marton Csokas,Hercules: The Legendary Journeys
Sala Baker,The Last Deal
Sala Baker,99 Problems
Sala Baker,Birds of Prey (and the Fantabulous Emancipation of One Harley Quinn)
Sala Baker,The Mandalorian
Sala Baker,Once Upon a Deadpool
Sala Baker,Deadpool 2
Sala Baker,Braven
Sala Baker,Bridget and Iain
Sala Baker,Marvel's Iron Fist
Sala Baker,Sleepless
Sala Baker,79 Parts
Sala Baker,The Nice Guys
Craig Parker,2 People
Craig Parker,A Social Contract
Craig Parker,The Story of Rugby
Craig Parker,Good Trouble
Craig Parker,Charmed
Craig Parker,Reign
Craig Parker,Marvel's Agents of S.H.I.E.L.D.
Craig Parker,Sleepy Hollow
Craig Parker,Shackleton's Captain
Craig Parker,Waitangi - What Really Happened
Craig Parker,China's Lost Pyramids
Craig Parker,Spartacus
Alan Howard,Parade's End
Alan Howard,The Lord of the Rings: The Return of the King
Alan Howard,Death in Holy Orders
Alan Howard,Foyle's War
Alan Howard,David Copperfield
Alan Howard,The Lord of the Rings: The Fellowship of the Ring
Alan Howard,Midsomer Murders
Alan Howard,The Secret Rapture
Alan Howard,Da Vinci's War
Alan Howard,Anna Lee: Headcase
Alan Howard,Witchcraft
Alan Howard,Dakota Road
Michael Elsworth,The Lord of the Rings: The Return of the King
Michael Elsworth,The Lord of the Rings: The Fellowship of the Ring
Marton Csokas,Halifax f.p.
Marton Csokas,A Game With No Rules
Marton Csokas,Jack Brown: Genius
Marton Csokas,Shortland Street
Sala Baker,The Equalizer
Sala Baker,Falcon Rising
Sala Baker,Legends
Sala Baker,Out of the Blue
Sala Baker,Iron Man 3
Sala Baker,Parker
Sala Baker,Savages
Sala Baker,Sherlock Holmes: A Game of Shadows
Sala Baker,The Book of Eli
Sala Baker,NCIS: Los Angeles
Sala Baker,Powder Blue
Sala Baker,Star Trek
Sala Baker,Blood and Bone
Sala Baker,Stiletto
Craig Parker,Diplomatic Immunity
Craig Parker,Underworld: Rise of the Lycans
Craig Parker,Legend of the Seeker
Craig Parker,A Promise Kept: Inside Operation Cormack
Craig Parker,The Making of The Fellowship of the Ring
Craig Parker,The Lord of the Rings: The Return of the King
Craig Parker,NCIS
Craig Parker,The Lord of the Rings: The Two Towers
Craig Parker,The Lord of the Rings: The Fellowship of the Ring
Craig Parker,Mercy Peak
Craig Parker,No One Can Hear You
Craig Parker,A Twist in the Tale
Craig Parker,Xena: Warrior Princess
Craig Parker,Power Rangers
Alan Howard,The Price of the Bride
Alan Howard,A Little Piece of Sunshine
Alan Howard,Antigone/Rites of Passion
Alan Howard,Death Has A Bad Reputation
Alan Howard,A Casualty of War
Alan Howard,"The Cook, the Thief, His Wife & Her Lover"
Alan Howard,Strapless
Alan Howard,The Return of the Musketeers
Alan Howard,Agatha Christie's Poirot
Alan Howard,Just Another Secret
Alan Howard,The Dog It Was That Died
Alan Howard,A Perfect Spy
Alan Howard,Life Story
Alan Howard,Poppyland
Alan Howard,Oxford Blues
Sala Baker,Chuck
Sala Baker,The Kingdom
Sala Baker,Ringers: Lord of the Fans
Sala Baker,UnConventional
Sala Baker,The Lord of the Rings: The Return of the King
Sala Baker,The Lord of the Rings: The Two Towers
Sala Baker,The Lord of the Rings: The Fellowship of the Ring
Craig Parker,Shortland Street
Alan Howard,Playing Shakespeare
Alan Howard,Sherlock Holmes
Alan Howard,The Tragedy of Coriolanus
Alan Howard,BBC Television Shakespeare
Alan Howard,Royal Flash
Alan Howard,Notorious Woman
Alan Howard,Work Is a 4-Letter Word
Alan Howard,The Heroes of Telemark
Alan Howard,The Americanization of Emily
Alan Howard,Heart to Heart
Alan Howard,Victim
Alan Howard,Maigret
Andy Serkis,Creature
Cate Blanchett,Disclaimer
Cate Blanchett,The Champions
Cate Blanchett,The New Boy
Cate Blanchett,A Manual for Cleaning Women
Cate Blanchett,Borderlands
Cate Blanchett,Cascade
Cate Blanchett,The Fundraiser
Andy Serkis,Luther: The Fallen Sun
Andy Serkis,Star Wars: Andor
Andy Serkis,The Batman
Andy Serkis,Animal
Andy Serkis,What If...?
Andy Serkis,SAS: Red Notice
Andy Serkis,A Christmas Carol
Andy Serkis,The Savoy
Andy Serkis,Once Upon a Time in Iraq
Andy Serkis,Home Movie: The Princess Bride
Andy Serkis,A Christmas Carol
Andy Serkis,Star Wars: The Rise of Skywalker
Andy Serkis,The Animated World of Halas and Batchelor
Andy Serkis,Long Shot
Andy Serkis,"Raymond Briggs: Snowmen, Bogeymen and Milkmen"
Cate Blanchett,Guillermo del Toro's Pinocchio: Handcarved Cinema
Cate Blanchett,Euphoria
Cate Blanchett,2022 Rock & Roll Hall of Fame Induction Ceremony
Cate Blanchett,Guillermo del Toro's Pinocchio
Cate Blanchett,The School for Good and Evil
Cate Blanchett,TÁR
Cate Blanchett,Ukraine: Life Under Attack: Dispatches
Cate Blanchett,Don't Look Up
Cate Blanchett,Nightmare Alley
Cate Blanchett,Indiana Jones: The Search for the Lost Golden Age
Cate Blanchett,The Four Temperaments
Cate Blanchett,Symphony Of The Invisible
Cate Blanchett,Homemade
Cate Blanchett,Ride It Out
Cate Blanchett,Staged
Cate Blanchett,Mrs. America
Andy Serkis,Mowgli: Legend of the Jungle
Andy Serkis,Neanderthals - Meet Your Ancestors
Andy Serkis,The Director and the Jedi
Andy Serkis,Black Panther
Andy Serkis,Star Wars: The Last Jedi
Andy Serkis,Great Performers: Horror Show
Andy Serkis,War for the Planet of the Apes
Andy Serkis,Secrets of the Force Awakens: A Cinematic Journey
Andy Serkis,Fungus the Bogeyman
Andy Serkis,Fungus The Bogeyman
Andy Serkis,Star Wars: The Force Awakens
Andy Serkis,The Late Show with Stephen Colbert
Andy Serkis,Avengers: Age of Ultron
Andy Serkis,Dawn of the Planet of the Apes
Andy Serkis,The Wil Wheaton Project
Cate Blanchett,Stateless
Cate Blanchett,Stuart X
Cate Blanchett,Sweet Tooth
Cate Blanchett,"Where'd You Go, Bernadette"
Cate Blanchett,This Changes Everything
Cate Blanchett,How to Train Your Dragon: The Hidden World
Cate Blanchett,Mowgli: Legend of the Jungle
Cate Blanchett,The House with a Clock in Its Walls
Cate Blanchett,Reimagining The Met Gala
Cate Blanchett,Ocean's Team 3.0
Cate Blanchett,Ocean's 8: A Heist In Heels
Cate Blanchett,The Carnival is Over
Cate Blanchett,Uncanny Valley
Cate Blanchett,Jill Bilcock: Dancing the Invisible
Andy Serkis,Late Night with Seth Meyers
Andy Serkis,The Magnificent Lion Boy
Andy Serkis,The Frame
Andy Serkis,The Hobbit: An Unexpected Journey
Andy Serkis,London: The Modern Babylon
Andy Serkis,The Dark: Nature's Nighttime World
Andy Serkis,Arthur Christmas
Andy Serkis,The Adventures of Tintin
Andy Serkis,Wild Bill
Andy Serkis,Rise of the Planet of the Apes
Andy Serkis,Death of a Superhero
Andy Serkis,The Weird World of Eadweard Muybridge
Andy Serkis,Accused
Andy Serkis,Burke & Hare
Andy Serkis,Brighton Rock
Andy Serkis,Sex & Drugs & Rock & Roll
Cate Blanchett,Ocean's Eight
Cate Blanchett,Thor: Ragnarok
Cate Blanchett,Spielberg
Cate Blanchett,Manifesto
Cate Blanchett,Song to Song
Cate Blanchett,Jill Bilcock: The Art of Film Editing
Cate Blanchett,Voyage of Time: Life's Journey
Cate Blanchett,Red
Cate Blanchett,Earthflight 3D
Cate Blanchett,Refugee
Cate Blanchett,Manifesto
Cate Blanchett,Carol
Cate Blanchett,Truth
Cate Blanchett,The Late Show with Stephen Colbert
Cate Blanchett,Documentary Now!
Cate Blanchett,Close Up with The Hollywood Reporter
Andy Serkis,Inkheart
Andy Serkis,Einstein and Eddington
Andy Serkis,Little Dorrit
Andy Serkis,The Cottage
Andy Serkis,Sugarhouse
Andy Serkis,Extraordinary Rendition
Andy Serkis,Monkey Life
Andy Serkis,The Graham Norton Show
Andy Serkis,Recreating the Eighth Wonder: The Making of 'King Kong'
Andy Serkis,The Prestige: Now That's Magic
Andy Serkis,Longford
Andy Serkis,Flushed Away
Andy Serkis,Simon Schama's Power of Art
Andy Serkis,The Prestige
Andy Serkis,The One Show
Andy Serkis,Stormbreaker
Cate Blanchett,Hot Ones
Cate Blanchett,Cinderella
Cate Blanchett,Knight of Cups
Cate Blanchett,The Hobbit: The Battle of the Five Armies
Cate Blanchett,How to Train Your Dragon 2
Cate Blanchett,Slow Motion
Cate Blanchett,The Galapagos Affair: Satan Came to Eden
Cate Blanchett,And the Oscar Goes To...
Cate Blanchett,The Monuments Men
Cate Blanchett,The Hobbit: The Desolation of Smaug
Cate Blanchett,Journey to the South Pacific
Cate Blanchett,The Making of 'Making a Scene'
Cate Blanchett,Making a Scene
Cate Blanchett,The Turning
Elizabeth Moody,Offensive Behaviour
Elizabeth Moody,The Lord of the Rings: The Fellowship of the Ring
Elizabeth Moody,Heavenly Creatures
Elizabeth Moody,Turn of the Blade
Elizabeth Moody,Braindead
Elizabeth Moody,Undercover Gang
Elizabeth Moody,The Scarecrow
Hugo Weaving,The Royal Hotel
Hugo Weaving,Koala Man
Hugo Weaving,Franklin
Hugo Weaving,The Bridge Australia
Hugo Weaving,Loveland
Hugo Weaving,Love Me
Hugo Weaving,Lone Wolf
Hugo Weaving,Mr. Corman
Hugo Weaving,Wild Australia: After the Fires
Hugo Weaving,Measure for Measure
Hugo Weaving,Hearts and Bones
Hugo Weaving,Australia in Colour
Hugo Weaving,Mortal Engines
Andy Serkis,King Kong: Peter Jackson's Production Diaries
Andy Serkis,King Kong
Andy Serkis,Ringers: Lord of the Fans
Andy Serkis,Stories of Lost Souls
Andy Serkis,Blessed
Andy Serkis,13 Going on 30
Andy Serkis,The Lord of the Rings: The Return of the King
Andy Serkis,The Lord of the Rings: The Two Towers
Andy Serkis,Deathwatch
Andy Serkis,Spooks
Andy Serkis,HypaSpace
Andy Serkis,Icons
Andy Serkis,The Escapist
Andy Serkis,24 Hour Party People
Andy Serkis,The Lord of the Rings: The Fellowship of the Ring
Cate Blanchett,Blue Jasmine
Cate Blanchett,Girl Rising
Cate Blanchett,The Hobbit: An Unexpected Journey
Cate Blanchett,A Cautionary Tail
Cate Blanchett,Hanna
Cate Blanchett,Robin Hood
Cate Blanchett,The Real Robin Hood
Cate Blanchett,Never Sleep Again: The Elm Street Legacy
Cate Blanchett,The Curious Birth of Benjamin Button
Cate Blanchett,The Curious Case of Benjamin Button
Cate Blanchett,Indiana Jones and the Kingdom of the Crystal Skull
Cate Blanchett,Mon Clown
Cate Blanchett,I'm Not There
Cate Blanchett,Elizabeth: The Golden Age
Cate Blanchett,In the Company of Actors
Hugo Weaving,Australia's Lost Impressionist
Hugo Weaving,Black '47
Hugo Weaving,Patrick Melrose
Hugo Weaving,Seven Types of Ambiguity
Hugo Weaving,Jasper Jones
Hugo Weaving,The Soul of War: Making 'Hacksaw Ridge'
Hugo Weaving,Hacksaw Ridge
Hugo Weaving,The Dressmaker
Hugo Weaving,Strangerland
Hugo Weaving,Between a Frock and a Hard Place
Hugo Weaving,The Hobbit: The Battle of the Five Armies
Hugo Weaving,Healing
Hugo Weaving,The Mule
Hugo Weaving,The Turning
Liv Tyler,9-1-1: Lone Star
Liv Tyler,Ad Astra
Liv Tyler,Awaken
Liv Tyler,Wildling
Liv Tyler,Gunpowder
Liv Tyler,Harlots
Liv Tyler,Space Station 76
Liv Tyler,Jamie Marks Is Dead
Liv Tyler,The Leftovers
Liv Tyler,Mademoiselle C
Liv Tyler,Robot & Frank
Liv Tyler,The Ledge
Liv Tyler,Super
Andy Serkis,Pandaemonium
Andy Serkis,Five Seconds to Spare
Andy Serkis,Shiner
Andy Serkis,Arabian Nights
Andy Serkis,The Jolly Boys' Last Stand
Andy Serkis,Topsy-Turvy
Andy Serkis,Oliver Twist
Andy Serkis,Sweety Barrett
Andy Serkis,Shooting the Past
Andy Serkis,The Jump
Andy Serkis,Among Giants
Andy Serkis,Stella Does Tricks
Andy Serkis,Loop
Andy Serkis,Mojo
Andy Serkis,Agatha Christie's The Pale Horse
Andy Serkis,Career Girls
Cate Blanchett,The Graham Norton Show
Cate Blanchett,Hot Fuzz
Cate Blanchett,Notes on a Scandal
Cate Blanchett,The Good German
Cate Blanchett,Babel
Cate Blanchett,The Reichen Show
Cate Blanchett,Little Fish
Cate Blanchett,This Is an Adventure
Cate Blanchett,Matthew Gray Gubler's Life Aquatic Intern Journal
Cate Blanchett,On the Set: 'The Life Aquatic with Steve Zissou'
Cate Blanchett,The Aviator
Cate Blanchett,The Life Aquatic with Steve Zissou
Cate Blanchett,Stories of Lost Souls
Cate Blanchett,The Lord of the Rings: The Return of the King
Hugo Weaving,Mystery Road
Hugo Weaving,The Hobbit: An Unexpected Journey
Hugo Weaving,Cloud Atlas
Hugo Weaving,Happy Feet Two
Hugo Weaving,Captain America: The First Avenger - Behind the Skull
Hugo Weaving,Captain America: The First Avenger
Hugo Weaving,Transformers: Dark of the Moon
Hugo Weaving,The Key Man
Hugo Weaving,Rake
Hugo Weaving,"I, Spry"
Hugo Weaving,Oranges and Sunshine
Hugo Weaving,Legend of the Guardians: The Owls of Ga'Hoole
Hugo Weaving,The Wolfman
Hugo Weaving,Last Ride
Liv Tyler,Conan
Liv Tyler,Never Sleep Again: The Elm Street Legacy
Liv Tyler,Smother
Liv Tyler,The Incredible Hulk
Liv Tyler,The Strangers
Liv Tyler,Reign Over Me
Liv Tyler,Lonesome Jim
Liv Tyler,The Reichen Show
Liv Tyler,Ringers: Lord of the Fans
Liv Tyler,Jersey Girl
Liv Tyler,The Lord of the Rings: The Return of the King
Liv Tyler,Celebrities Uncensored
Liv Tyler,The Lord of the Rings: The Two Towers
Liv Tyler,Beyond the Movie: The Fellowship of the Ring
Liv Tyler,The Lord of the Rings: The Fellowship of the Ring
Andy Serkis,The Near Room
Andy Serkis,Finney
Andy Serkis,Grushko
Andy Serkis,Pie in the Sky
Andy Serkis,Royal Deceit
Andy Serkis,Late Night with Conan O'Brien
Andy Serkis,GMTV
Andy Serkis,The Simpsons
Andy Serkis,The New Statesman
Andy Serkis,The Bill
Andy Serkis,Natural World
Cate Blanchett,The Missing
Cate Blanchett,The Ellen DeGeneres Show
Cate Blanchett,Coffee and Cigarettes
Cate Blanchett,Veronica Guerin
Cate Blanchett,The Lord of the Rings: The Two Towers
Cate Blanchett,Heaven
Cate Blanchett,E! Live from the Red Carpet
Cate Blanchett,Beyond the Movie: The Fellowship of the Ring
Cate Blanchett,The Lord of the Rings: The Fellowship of the Ring
Cate Blanchett,The Shipping News
Cate Blanchett,Charlotte Gray
Cate Blanchett,A Passage to Middle-earth: Making of 'Lord of the Rings'
Cate Blanchett,Quest for the Ring
Cate Blanchett,Bandits
Cate Blanchett,Good Day Live
Hugo Weaving,Transformers: Revenge of the Fallen
Hugo Weaving,The Tender Hook
Hugo Weaving,Transformers
Hugo Weaving,In the Company of Actors
Hugo Weaving,The Girl Who Swallowed Bees
Hugo Weaving,Happy Feet
Hugo Weaving,V for Vendetta
Hugo Weaving,Little Fish
Hugo Weaving,Peaches
Hugo Weaving,Confessions of an Action Star
Hugo Weaving,Ringers: Lord of the Fans
Hugo Weaving,The Matrix Reloaded Revisited
Hugo Weaving,The Matrix Revolutions Revisited
Hugo Weaving,Everything Goes
Hugo Weaving,The Matrix Recalibrated
Liv Tyler,A Passage to Middle-earth: Making of 'Lord of the Rings'
Liv Tyler,Quest for the Ring
Liv Tyler,One Night at McCool's
Liv Tyler,Dr. T & the Women
Liv Tyler,Onegin
Liv Tyler,Cookie's Fortune
Liv Tyler,Plunkett & MacLeane
Liv Tyler,Armageddon
Liv Tyler,U Turn
Liv Tyler,Behind the Music
Liv Tyler,Inventing the Abbotts
Liv Tyler,That Thing You Do!
Liv Tyler,Stealing Beauty
Liv Tyler,Empire Records
Liv Tyler,Heavy
Liv Tyler,Silent Fall
Liv Tyler,Late Night with Conan O'Brien
Ian Holm,"D-Day, leur jour le plus long"
Ian Holm,The Hobbit: The Battle of the Five Armies
Ian Holm,The Hobbit: An Unexpected Journey
Ian Holm,Discovering Hamlet
Ian Holm,1066: The Battle for Middle Earth
Ian Holm,Ratatouille
Ian Holm,The Real Middle Earth
Christopher Lee,Tortures of Hope
Cate Blanchett,The Man Who Cried
Cate Blanchett,Inside 'The Talented Mr. Ripley'
Cate Blanchett,The Gift
Cate Blanchett,Reflections on 'the Talented Mr. Ripley'
Cate Blanchett,The Talented Mr. Ripley
Cate Blanchett,The Early Show
Cate Blanchett,Bangers
Cate Blanchett,Eyes Wide Shut
Cate Blanchett,Pushing Tin
Cate Blanchett,An Ideal Husband
Cate Blanchett,Family Guy
Cate Blanchett,Elizabeth
Cate Blanchett,Oscar and Lucinda
Cate Blanchett,Thank God He Met Lizzie
Cate Blanchett,The View
Cate Blanchett,Paradise Road
Hugo Weaving,The Matrix Revolutions: Double Agent Smith
Hugo Weaving,Mind Over Matter: The Physicality of the Matrix Future
Hugo Weaving,The Lord of the Rings: The Return of the King
Hugo Weaving,The Matrix Revolutions
Hugo Weaving,The Matrix Reloaded: Pre-Load
Hugo Weaving,After the Deluge
Hugo Weaving,After the Deluge
Hugo Weaving,Horseplay
Hugo Weaving,The Matrix Reloaded
Hugo Weaving,The Lord of the Rings: The Two Towers
Hugo Weaving,HypaSpace
Hugo Weaving,The Lord of the Rings: The Fellowship of the Ring
Hugo Weaving,A Passage to Middle-earth: Making of 'Lord of the Rings'
Hugo Weaving,Quest for the Ring
Liv Tyler,The Tonight Show with Jay Leno
Liv Tyler,LIVE with Kelly and Ryan
Liv Tyler,The Oscars
Liv Tyler,Bambi Awards
Ian Holm,The Treatment
Ian Holm,Legends
Ian Holm,Ô Jerusalem
Ian Holm,Strangers with Candy
Ian Holm,Renaissance
Ian Holm,The Queen of Trees
Ian Holm,Lord of War
Ian Holm,The Adventures of Errol Flynn
Ian Holm,Chromophobia
Ian Holm,The Aviator
Ian Holm,Garden State
Ian Holm,D-Day 6.6.1944
Ian Holm,The Day After Tomorrow
Ian Holm,The Last Dragon
Ian Holm,The Beast Within: Making 'Alien'
Ian Holm,The Lord of the Rings: The Return of the King
Christopher Lee,Peter Cushing: In His Own Words
Christopher Lee,Drácula Barcelona
Christopher Lee,Dark Glamour: The Blood and Guts of Hammer Productions
Christopher Lee,Angels in Notting Hill
Christopher Lee,Fifty Shades of Erotica
Christopher Lee,The Hobbit: The Battle of the Five Armies
Christopher Lee,Face of Unity
Christopher Lee,The Trail of Dracula
Christopher Lee,The Girl from Nagasaki
Christopher Lee,Necessary Evil: Super-Villains of DC Comics
Christopher Lee,Kingdom Hearts 358/2 Days
Christopher Lee,Night Train to Lisbon
Christopher Lee,Extraordinary Tales
Christopher Lee,Christopher Lee - A Legacy Of Horror & Terror
Cate Blanchett,Parklands
Cate Blanchett,Bordertown
Cate Blanchett,Inside the Actors Studio
Cate Blanchett,Heartland
Cate Blanchett,Police Rescue: The Movie
Cate Blanchett,GMTV
Cate Blanchett,The Tonight Show with Jay Leno
Cate Blanchett,Police Rescue
Cate Blanchett,Crabs
Cate Blanchett,The Simpsons
Cate Blanchett,LIVE with Kelly and Ryan
Cate Blanchett,Wanna Bet?
Cate Blanchett,AACTA Awards
Cate Blanchett,Goldene Kamera Verleihung
Cate Blanchett,The Oscars
Cate Blanchett,Today
Hugo Weaving,The Matrix Revisited
Hugo Weaving,Russian Doll
Hugo Weaving,The Old Man Who Read Love Stories
Hugo Weaving,The Magic Pudding
Hugo Weaving,Strange Planet
Hugo Weaving,Making 'The Matrix'
Hugo Weaving,The Matrix
Hugo Weaving,Babe: Pig in the City
Hugo Weaving,Bedrooms and Hallways
Hugo Weaving,The Interview
Hugo Weaving,The Kiss
Hugo Weaving,The View
Hugo Weaving,True Love and Chaos
Hugo Weaving,Frontier
Hugo Weaving,The Bite
Hugo Weaving,Wild Australia: The Edge
Ian Holm,Days That Shook the World
Ian Holm,Monsters We Met
Ian Holm,Prisoner of Paradise
Ian Holm,The Lord of the Rings: The Fellowship of the Ring
Ian Holm,From Hell
Ian Holm,Secret Agent
Ian Holm,The Emperor's New Clothes
Ian Holm,Esther Kahn
Ian Holm,The Last of the Blonde Bombshells
Ian Holm,Bless the Child
Ian Holm,Beautiful Joe
Ian Holm,The Miracle Maker
Ian Holm,Joe Gould's Secret
Ian Holm,Animal Farm
Ian Holm,Wisconsin Death Trip
Ian Holm,The Match
Ian Holm,Shergar
Christopher Lee,The Hobbit: An Unexpected Journey
Christopher Lee,The Fall Of The House Of Usher
Christopher Lee,Top Gear: 50 Years of Bond Cars
Christopher Lee,Dracula vs. Vampir
Christopher Lee,Everything or Nothing
Christopher Lee,Frankenweenie
Christopher Lee,The Complete Bob Wilkins Creature Features
Christopher Lee,Dark Shadows
Christopher Lee,Back to Black: The Making of Dracula Prince of Darkness
Christopher Lee,Enzo Ferrari 1898 - 1988
Christopher Lee,Hugo
Christopher Lee,The Wicker Tree
Christopher Lee,The Resident
Christopher Lee,Season of the Witch
Hugo Weaving,Bordertown
Hugo Weaving,Babe
Hugo Weaving,Halifax f.p.
Hugo Weaving,Ladies Please!
Hugo Weaving,"The Adventures of Priscilla, Queen of the Desert"
Hugo Weaving,The Forgotten Force
Hugo Weaving,The Custodian
Hugo Weaving,Frauds
Hugo Weaving,Reckless Kelly
Hugo Weaving,Road to Alice
Hugo Weaving,Proof
Hugo Weaving,Wendy Cracked a Walnut
Hugo Weaving,Bangkok Hilton
Hugo Weaving,Dadah Is Death
Hugo Weaving,The Dirtwater Dynasty
Hugo Weaving,The Right Hand Man
Hugo Weaving,For Love Alone
Ian Holm,eXistenZ
Ian Holm,Shanghai Vice
Ian Holm,Simon Magus
Ian Holm,Alice Through the Looking Glass
Ian Holm,King Lear
Ian Holm,Incognito
Ian Holm,A Life Less Ordinary
Ian Holm,The Sweet Hereafter
Ian Holm,The Fifth Element
Ian Holm,Night Falls on Manhattan
Ian Holm,Big Night
Ian Holm,Loch Ness
Ian Holm,Landscape
Ian Holm,The Madness of King George
Ian Holm,The Deep Blue Sea
Ian Holm,Mary Shelley's Frankenstein
Ian Holm,Mustang: The Hidden Kingdom
Christopher Lee,Christopher Lee - Gentleman des Grauens
Christopher Lee,Burke & Hare
Christopher Lee,Halloween: The Inside Story
Christopher Lee,The Heavy
Christopher Lee,Alice in Wonderland
Christopher Lee,Glorious 39
Christopher Lee,Triage
Christopher Lee,Boogie Woogie
Christopher Lee,The Nightmare Before Christmas: The Original Poem
Christopher Lee,Star Wars: The Clone Wars
Christopher Lee,The Colour of Magic
Christopher Lee,Fanex Files: Hammer Films
Christopher Lee,The Golden Compass
Hugo Weaving,Bodyline
Hugo Weaving,The City's Edge
Hugo Weaving,...Maybe This Time
Ian Holm,The Borrowers
Ian Holm,The Return of the Borrowers
Ian Holm,The Hour of The Pig
Ian Holm,The World of Peter Rabbit and Friends
Ian Holm,The Borrowers
Ian Holm,Blue Ice
Ian Holm,The Last Romantics
Ian Holm,Elizabeth R: A Year in the Life of The Queen
Ian Holm,Naked Lunch
Ian Holm,Kafka
Ian Holm,A Season of Giants
Ian Holm,Uncle Vanya
Ian Holm,Performance
Ian Holm,Hamlet
Ian Holm,Chillers
Christopher Lee,Tasmanian Devil: The Fast and Furious Life of Errol Flynn
Christopher Lee,The Alan Titchmarsh Show
Christopher Lee,Amazon Trek: In Search of Vanishing Secrets
Christopher Lee,Rhapsody of Fire: Visions from the Enchanted Lands
Christopher Lee,Famous Monster: Forrest J Ackerman
Christopher Lee,Hollywood Chinese
Christopher Lee,Ein Leben wie im Flug
Christopher Lee,Beloved Count
Christopher Lee,Bloody Jess
Christopher Lee,The Making of The Fellowship of the Ring
Christopher Lee,Witch's Dungeon: 40 Years of Chills
Christopher Lee,Pope John Paul II
Christopher Lee,The Adventures of Greyfriars Bobby
Christopher Lee,Corpse Bride
Christopher Lee,Charlie and the Chocolate Factory
Christopher Lee,Star Wars: Episode III - Revenge of the Sith
Christopher Lee,The Story of Star Wars
Jo Surgison,The Lord of the Rings: The Fellowship of the Ring
Tim Wong,Fantasy Island
Tim Wong,The Meg
Tim Wong,Do No Harm
Tim Wong,Black Sheep
Tim Wong,The X Team
Tim Wong,The Lord of the Rings: The Two Towers
Tim Wong,The Lord of the Rings: The Fellowship of the Ring
Ian Holm,Henry V
Ian Holm,The Endless Game
Ian Holm,The Kingdom of Fun
Ian Holm,Another Woman
Ian Holm,"Game, Set, and Match"
Ian Holm,Murder by the Book
Ian Holm,The Browning Version
Ian Holm,Mr. and Mrs. Edgehill
Ian Holm,Dreamchild
Ian Holm,Laughterhouse
Ian Holm,Wetherby
Ian Holm,Dance with a Stranger
Ian Holm,Brazil
Ian Holm,Screen Two
Ian Holm,The Cost of Treachery
Ian Holm,"Greystoke: The Legend of Tarzan, Lord of the Apes"
Christopher Lee,Crimson Rivers II: Angels of the Apocalypse
Christopher Lee,Willkommen bei Carmen Nebel
Christopher Lee,The Lord of the Rings: The Return of the King
Christopher Lee,Drácula en la Hammer
Christopher Lee,Whales of Atlantis: In Search of Moby Dick
Christopher Lee,The Lord of the Rings: The Two Towers
Christopher Lee,Best Ever Bond
Christopher Lee,From Puppets to Pixels: Digital Characters in 'Episode II'
Christopher Lee,Bond Girls Are Forever
Christopher Lee,Perversion Stories
Christopher Lee,Top Gear
Christopher Lee,Star Wars: Episode II - Attack of the Clones
Christopher Lee,Burnt Offering: The Cult of The Wicker Man
Ian Holm,Bette Davis: A Basically Benevolent Volcano
Ian Holm,Natural World
Ian Holm,The Return of the Soldier
Ian Holm,Soft Targets
Ian Holm,Inside the Third Reich
Ian Holm,Time Bandits
Ian Holm,Chariots of Fire
Ian Holm,S.O.S. Titanic
Ian Holm,The Misanthrope
Ian Holm,All Quiet on the Western Front
Ian Holm,Alien
Ian Holm,Tales of the Unexpected
Ian Holm,Les Misérables
Ian Holm,The Lost Boys
Ian Holm,The Lost Boys
Ian Holm,Holocaust
Ian Holm,The Thief of Baghdad
Christopher Lee,Beyond the Movie: The Fellowship of the Ring
Christopher Lee,The Lord of the Rings: The Fellowship of the Ring
Christopher Lee,A Passage to Middle-earth: Making of 'Lord of the Rings'
Christopher Lee,Quest for the Ring
Christopher Lee,R2-D2: Beneath the Dome
Christopher Lee,The Wicker Man Enigma
Christopher Lee,The Devil's Island: Journey Into Jungle Alcatraz
Christopher Lee,Ghost Stories for Christmas
Christopher Lee,In the Beginning
Christopher Lee,Sleepy Hollow: Behind the Legend
Christopher Lee,Inside 'The Man with the Golden Gun'
Christopher Lee,Gormenghast
Christopher Lee,Ian Fleming: 007's Creator
Ken Stratton,The Lord of the Rings: The Fellowship of the Ring
Ian Holm,March or Die
Ian Holm,The Man in the Iron Mask
Ian Holm,Jesus of Nazareth
Ian Holm,Shout at the Devil
Ian Holm,Robin and Marian
Ian Holm,The Wood Demon
Ian Holm,Juggernaut
Ian Holm,Napoleon and Love
Ian Holm,NOVA
Ian Holm,The Lives of Benjamin Franklin
Ian Holm,The Homecoming
Ian Holm,Young Winston
Ian Holm,The Frighteners
Ian Holm,"Mary, Queen of Scots"
Ian Holm,Nicholas and Alexandra
Ian Holm,A Severed Head
Christopher Lee,The Adventures of Young Indiana Jones: Adventures in the Secret Service
Christopher Lee,Sleepy Hollow
Christopher Lee,The Adventures of Young Indiana Jones
Christopher Lee,Jinnah
Christopher Lee,Tale of the Mummy
Christopher Lee,The Mummy
Christopher Lee,Soul Music
Christopher Lee,The Odyssey
Christopher Lee,Wyrd Sisters
Christopher Lee,Soul Music
Christopher Lee,Ivanhoe
Christopher Lee,Ivanhoe
Christopher Lee,Welcome to the Discworld
Christopher Lee,100 Years of Horror
Ian Holm,Play for Today
Ian Holm,Moonlight on the Highway
Ian Holm,Oh! What a Lovely War
Ian Holm,Edward the Confessor
Ian Holm,The Fixer
Ian Holm,A Midsummer Night's Dream
Ian Holm,The Bofors Gun
Ian Holm,Opus
Ian Holm,Mystery and Imagination
Ian Holm,Play of the Month
Ian Holm,The Wars of the Roses
Ian Holm,The Paradise Suite
Ian Holm,The Cherry Orchard
Ian Holm,Tony Awards
Ian Holm,Hallmark Hall of Fame
Christopher Lee,In Search of Dracula with Jonathan Ross
Christopher Lee,The Stupids
Christopher Lee,In the Footsteps of Sherlock Holmes
Christopher Lee,The Man Who Ruined the British Film Industry
Christopher Lee,Alisea and the Dream Prince
Christopher Lee,Sorellina e il principe del sogno
Christopher Lee,A Century of Science Fiction
Christopher Lee,The Many Faces of Christopher Lee
Christopher Lee,A Pleasant Terror: The Life and Ghosts of M.R. James
Christopher Lee,Moses
Christopher Lee,In Search of James Bond with Jonathan Ross
Christopher Lee,Tales of Mystery and Imagination
Christopher Lee,A Feast At Midnight
Christopher Lee,The World of Hammer: Dracula and the Undead
Christopher Lee,The World of Hammer
Christopher Lee,Flesh and Blood: The Hammer Heritage of Horror
Christopher Lee,Funny Man
Christopher Lee,Police Academy: Mission to Moscow
Christopher Lee,The Rainbow Thief
Christopher Lee,Blue Heelers
Christopher Lee,Death Train
Christopher Lee,Cyber Eden
Christopher Lee,Double Vision
Christopher Lee,The Young Indiana Jones Chronicles
Christopher Lee,Sherlock Holmes: Incident at Victoria Falls
Christopher Lee,Sherlock Holmes and the Leading Lady
Christopher Lee,Fear in the Dark
Christopher Lee,Curse III: Blood Sacrifice
Christopher Lee,Journey of Honor
Christopher Lee,The Care of Time
Christopher Lee,Gremlins 2: The New Batch
Christopher Lee,The Miser
Christopher Lee,Stern TV
Christopher Lee,Treasure Island
Christopher Lee,Honeymoon Academy
Christopher Lee,Murder Story
Christopher Lee,Fall of the Eagles
Christopher Lee,The French Revolution
Christopher Lee,Around the World in 80 Days
Christopher Lee,The Return of the Musketeers
Christopher Lee,Dark Mission: Flowers of Evil
Christopher Lee,Olympus Force: The Key
Christopher Lee,Seitenblicke
Christopher Lee,The Girl
Christopher Lee,Mio in the Land of Faraway
Christopher Lee,Hammer: The Studio That Dripped Blood
Christopher Lee,The Disputation
Christopher Lee,Un métier de seigneur
Christopher Lee,Jocks
Christopher Lee,Shaka Zulu
Christopher Lee,Mask of Murder
Christopher Lee,Howling II: Stirba - Werewolf Bitch
Christopher Lee,The Many Faces of Sherlock Holmes
Christopher Lee,The Rosebud Beach Hotel
Christopher Lee,The Boy Who Left Home to Find Out About the Shivers
Christopher Lee,The Bengal Lancers!
Christopher Lee,The Far Pavilions
Christopher Lee,House of the Long Shadows
Christopher Lee,New Magic
Christopher Lee,The Return of Captain Invincible
Christopher Lee,Errol Flynn: Portrait of a Swashbuckler
Christopher Lee,The Last Unicorn
Christopher Lee,The Rank Charm School
Christopher Lee,Charles & Diana: A Royal Love Story
Christopher Lee,Faerie Tale Theatre
Christopher Lee,Massarati and the Brain
Christopher Lee,Safari 3000
Christopher Lee,Champs-Elysées
Christopher Lee,"Oops, Those Hollywood Bloopers!"
Christopher Lee,Goliath Awaits
Christopher Lee,An Eye for an Eye
Christopher Lee,Evil Stalks This House
Christopher Lee,Wanna Bet?
Christopher Lee,The Salamander
Christopher Lee,Once Upon a Spy
Christopher Lee,Serial
Christopher Lee,Desperate Moves
Chris Ryan,The Lord of the Rings: The Fellowship of the Ring
Chris Ryan,Jack of All Trades
Chris Ryan,A Twist in the Tale
Chris Ryan,Young Hercules
Chris Ryan,The Legend of William Tell
Chris Ryan,Future Shock
Chris Ryan,Waitress!
Chris Ryan,The Marvelous Land of Oz
Samuel E. Shore,The Lord of the Rings: The Two Towers
Samuel E. Shore,The Lord of the Rings: The Fellowship of the Ring
Christopher Lee,1941
Christopher Lee,Bear Island
Christopher Lee,Captain America II: Death Too Soon
Christopher Lee,Jaguar Lives!
Christopher Lee,Arabian Adventure
Christopher Lee,The Passage
Christopher Lee,The Pirate
Christopher Lee,Caravans
Christopher Lee,Circle of Iron
Christopher Lee,Return from Witch Mountain
Christopher Lee,Starship Invasions
Christopher Lee,The Occult: Mysteries Of The Supernatural
Christopher Lee,End of the World
Christopher Lee,Airport '77
Christopher Lee,Meatcleaver Massacre
Christopher Lee,Auf los geht's los
Christopher Lee,Charlie's Angels
Christopher Lee,Dracula and Son
Christopher Lee,Albino
Christopher Lee,To the Devil a Daughter
Christopher Lee,Killer Force
Christopher Lee,The Keeper
Christopher Lee,Saturday Night Live
Christopher Lee,Space: 1999
Christopher Lee,In Search of Dracula
Christopher Lee,The Man with the Golden Gun
Christopher Lee,The Four Musketeers
Christopher Lee,Diagnosis: Murder
Christopher Lee,The Three Musketeers
Christopher Lee,The Wicker Man
Christopher Lee,The Satanic Rites of Dracula
Christopher Lee,Orson Welles' Great Mysteries
Christopher Lee,Dark Places
Christopher Lee,Nothing But the Night
Christopher Lee,Poor Devil
Christopher Lee,The Creeping Flesh
Christopher Lee,Death Line
Christopher Lee,Horror Express
Christopher Lee,Dracula A.D. 1972
Christopher Lee,Vampir Cuadecuc
Christopher Lee,Umbracle
Christopher Lee,Hannie Caulder
Christopher Lee,"I, Monster"
Christopher Lee,Theatre Macabre
Christopher Lee,First Love
Christopher Lee,The House That Dripped Blood
Christopher Lee,Scars of Dracula
Christopher Lee,The Private Life of Sherlock Holmes
Christopher Lee,Julius Caesar
Andrew Stehlin,Dark Phoenix
Andrew Stehlin,Ghost in the Shell
Andrew Stehlin,Mechanic: Resurrection
Andrew Stehlin,"Crouching Tiger, Hidden Dragon: Sword of Destiny"
Andrew Stehlin,The Shannara Chronicles
Andrew Stehlin,Killer Elite
Andrew Stehlin,30 Days of Night: Dark Days
Andrew Stehlin,Legend of the Seeker
Andrew Stehlin,"10,000 BC"
Andrew Stehlin,30 Days of Night
Andrew Stehlin,Hidden
Andrew Stehlin,The Lord of the Rings: The Fellowship of the Ring
Paul Shapcott,Game of Thrones: The Last Watch
Paul Shapcott,Legend of the Seeker
Paul Shapcott,The Lord of the Rings: The Fellowship of the Ring
Christopher Lee,Treffpunkte
Christopher Lee,Taste the Blood of Dracula
Christopher Lee,One More Time
Christopher Lee,Count Dracula
Christopher Lee,Eugenie
Christopher Lee,The Bloody Judge
Christopher Lee,Scream and Scream Again
Christopher Lee,The Magic Christian
Christopher Lee,The Oblong Box
Christopher Lee,The Castle of Fu Manchu
Christopher Lee,Quelle horreur mon saigneur Dracula
Christopher Lee,Curse of the Crimson Altar
Christopher Lee,Dracula Has Risen from the Grave
Christopher Lee,The Blood of Fu Manchu
Christopher Lee,The Devil Rides Out
Christopher Lee,Eve
Christopher Lee,The Movie Orgy
Christopher Lee,Theatre of Death
Christopher Lee,The Torture Chamber of Dr. Sadism
Christopher Lee,Five Golden Dragons
Christopher Lee,The Vengeance of Fu Manchu
Christopher Lee,Night of the Big Heat
Christopher Lee,The Brides of Fu Manchu
Christopher Lee,Circus of Fear
Christopher Lee,Rasputin: The Mad Monk
Christopher Lee,Dracula: Prince of Darkness
Christopher Lee,The Skull
Christopher Lee,The Face of Fu Manchu
Christopher Lee,Ten Little Indians
Christopher Lee,She
Christopher Lee,Dr. Terror's House of Horrors
Christopher Lee,The Gorgon
Christopher Lee,The Castle of the Living Dead
Christopher Lee,The Devil-Ship Pirates
Christopher Lee,Crypt of the Vampire
Christopher Lee,Horror!!!
Christopher Lee,The Whip and the Body
Christopher Lee,Horror Castle
Christopher Lee,Challenge the Devil
Christopher Lee,Sherlock Holmes and the Deadly Necklace
Christopher Lee,The Alfred Hitchcock Hour
Christopher Lee,The Devil's Agent
Christopher Lee,The Pirates of Blood River
Christopher Lee,Secret of the Red Orchid
Christopher Lee,Hercules in the Haunted World
Christopher Lee,The Devil's Daffodil
Mike Stearne,The Lord of the Rings: The Fellowship of the Ring
Christopher Lee,Taste of Fear
Christopher Lee,The Terror of the Tongs
Christopher Lee,The Avengers
Christopher Lee,Too Hot to Handle
Christopher Lee,The Hands of Orlac
Christopher Lee,The Two Faces of Dr. Jekyll
Christopher Lee,The City of the Dead
Christopher Lee,Beat Girl
Christopher Lee,Uncle Was A Vampire
Christopher Lee,The Mummy
Christopher Lee,The Treasure of San Teresa
Christopher Lee,The Man Who Could Cheat Death
Christopher Lee,The Hound of the Baskervilles
Christopher Lee,Stars in der Manege
Christopher Lee,One Step Beyond
Christopher Lee,Corridors of Blood
Christopher Lee,The Adventures of William Tell
Christopher Lee,Dracula
Christopher Lee,A Tale of Two Cities
Christopher Lee,Ivanhoe
Christopher Lee,Battle of the V-1
Christopher Lee,Bitter Victory
Christopher Lee,Manuela
Christopher Lee,The Curse of Frankenstein
Christopher Lee,Fortune Is a Woman
Christopher Lee,The Traitor
Christopher Lee,Ill Met by Moonlight
Christopher Lee,The Truth About Women
Christopher Lee,The Battle of the River Plate
Christopher Lee,Beyond Mombasa
Christopher Lee,Port Afrique
Christopher Lee,Alexander the Great
Christopher Lee,Colonel March of Scotland Yard
Christopher Lee,Private's Progress
Christopher Lee,Storm Over the Nile
Christopher Lee,Alias John Preston
Christopher Lee,The Cockleshell Heroes
Christopher Lee,The Adventures of the Scarlet Pimpernel
Christopher Lee,That Lady
Christopher Lee,Police Dog
Christopher Lee,The Dark Avenger
Christopher Lee,Contraband Spain
Christopher Lee,Cross-Roads
Christopher Lee,Moby Dick—Rehearsed
Christopher Lee,The Awakening
Christopher Lee,The Mirror and Markheim
Christopher Lee,Innocents in Paris
Christopher Lee,The Top and the Ball
Christopher Lee,Moulin Rouge
Christopher Lee,Babes in Bagdad
Christopher Lee,Paul Temple Returns
Christopher Lee,Top Secret
Christopher Lee,The Crimson Pirate
Christopher Lee,Valley of the Eagles
Christopher Lee,Captain Horatio Hornblower
Christopher Lee,Prelude to Fame
Christopher Lee,They Were Not Divided
Christopher Lee,Trottie True
Christopher Lee,Hamlet
Christopher Lee,Scott of the Antarctic
Christopher Lee,Penny and the Pownall Case
Christopher Lee,A Song for Tomorrow
Christopher Lee,One Night with You
Christopher Lee,Corridor of Mirrors
Larry Rew,Last Chancers
Larry Rew,Crucible of the Vampire
Larry Rew,Mis-drop
Larry Rew,Avatar
Larry Rew,Underworld: Rise of the Lycans
Larry Rew,Revelations
Larry Rew,The Lord of the Rings: The Fellowship of the Ring
Shane Rangi,Avatar: The Way of Water
Shane Rangi,Lowdown Dirty Criminals
Shane Rangi,Flip
Shane Rangi,Mortal Engines
Shane Rangi,Belief: The Possession of Janet Moses
Shane Rangi,The Chronicles of Narnia: The Voyage of the Dawn Treader
Shane Rangi,The Chronicles of Narnia: Prince Caspian
Shane Rangi,"The Chronicles of Narnia: The Lion, the Witch and the Wardrobe"
Shane Rangi,The Lord of the Rings: The Return of the King
Shane Rangi,The Lord of the Rings: The Fellowship of the Ring
Vincent Roxburgh,Mad Max: Fury Road
Vincent Roxburgh,The Lord of the Rings: The Fellowship of the Ring
Blair Morton,The Lord of the Rings: The Fellowship of the Ring
David J. Muzzerall,Pete's Dragon
David J. Muzzerall,The Lord of the Rings: The Fellowship of the Ring
Andrew Munro,In Dark Places
Andrew Munro,Hillary
Andrew Munro,Friday Night Bites
Andrew Munro,Coverband
Andrew Munro,Erebus: Operation Overdue
Andrew Munro,Interim
Andrew Munro,The Lord of the Rings: The Fellowship of the Ring
Greg Morrison,The Lord of the Rings: The Fellowship of the Ring
Dean Morganty,The Light Between Oceans
Dean Morganty,The Lord of the Rings: The Two Towers
Dean Morganty,The Lord of the Rings: The Fellowship of the Ring
Tim McLachlan,Yogi Bear
Tim McLachlan,Tracker
Tim McLachlan,30 Days of Night
Tim McLachlan,The Lord of the Rings: The Fellowship of the Ring
Liz Merton,The Lord of the Rings: The Fellowship of the Ring
Sharon Maxwell,The Lord of the Rings: The Fellowship of the Ring
Bret McKenzie,Flight of the Conchords: Live in London
Bret McKenzie,Bajillion Dollar Propertie$
Bret McKenzie,Austenland
Bret McKenzie,The Hobbit: An Unexpected Journey
Bret McKenzie,Two Little Boys
Bret McKenzie,The Outback
Bret McKenzie,Conan
Bret McKenzie,Diagnosis: Death
Bret McKenzie,Flight of the Conchords: On Air
Bret McKenzie,Largo
Bret McKenzie,Just For Laughs: Over The Edge
Bret McKenzie,Flight of the Conchords
Bret McKenzie,"Tim and Eric Awesome Show, Great Job!"
Bret McKenzie,Flight of the Conchords: A Texan Odyssey
Bret McKenzie,One Night Stand: Flight of the Conchords
Bret McKenzie,Futile Attraction
Bret McKenzie,Frodo Is Great... Who Is That?!!
Bret McKenzie,The Lord of the Rings: The Return of the King
Bret McKenzie,The Lord of the Rings: The Fellowship of the Ring
Bret McKenzie,The Simpsons
Richard Maybery,The Lord of the Rings: The Fellowship of the Ring
Marta Martí,The Lord of the Rings: The Fellowship of the Ring
Peter Lyon,The Making of The Fellowship of the Ring
Peter Lyon,The Lord of the Rings: The Fellowship of the Ring
Peter Lyon,A Passage to Middle-earth: Making of 'Lord of the Rings'
Peter Lyon,Quest for the Ring
Alan Lee,Recreating the Eighth Wonder: The Making of 'King Kong'
Alan Lee,The Making of The Fellowship of the Ring
Alan Lee,Lord of the Brush
Alan Lee,The Lord of the Rings: The Two Towers
Alan Lee,Beyond the Movie: The Fellowship of the Ring
Alan Lee,The Lord of the Rings: The Fellowship of the Ring
Alan Lee,A Passage to Middle-earth: Making of 'Lord of the Rings'
Sacha Lee,The Lord of the Rings: The Fellowship of the Ring
Greg Lane,The Lord of the Rings: The Fellowship of the Ring
Thomas Robins,The Hobbit: An Unexpected Journey
Thomas Robins,The Lord of the Rings: The Return of the King
Thomas Robins,The Lord of the Rings: The Fellowship of the Ring
Thomas Robins,Forgotten Silver
Grant Roa,Lowdown Dirty Criminals
Grant Roa,The Secret of the Whales
Grant Roa,Separation City
Grant Roa,Whale Rider
Grant Roa,The Lord of the Rings: The Fellowship of the Ring
Stu Johnson,The Lord of the Rings: The Fellowship of the Ring
Lani Jackson,The Lord of the Rings: The Two Towers
Lani Jackson,The Lord of the Rings: The Fellowship of the Ring
Lani Jackson,A Passage to Middle-earth: Making of 'Lord of the Rings'
Ralph Johnson,The Lord of the Rings: The Fellowship of the Ring
Peter Jackson,Peter Jackson's Military Treasures
Peter Jackson,Mortal Engines
Peter Jackson,The Late Show with Stephen Colbert
Peter Jackson,The Hobbit: The Battle of the Five Armies
Peter Jackson,Last Week Tonight with John Oliver
Peter Jackson,"River Deep, Mountain High: James Nesbitt in New Zealand"
Peter Jackson,The Hobbit: The Desolation of Smaug
Peter Jackson,The Five(ish) Doctors Reboot
Peter Jackson,West of Memphis
Peter Jackson,The Hobbit: An Unexpected Journey
Peter Jackson,Ray Harryhausen: Special Effects Titan
Peter Jackson,Never Sleep Again: The Elm Street Legacy
Peter Jackson,The Lovely Bones
Peter Jackson,Star Wars: The Legacy Revealed
Peter Jackson,Hot Fuzz
Peter Jackson,The Eighth Blunder of the World
Peter Jackson,Recreating the Eighth Wonder: The Making of 'King Kong'
Peter Jackson,The Making of The Fellowship of the Ring
Peter Jackson,The Making of The Two Towers
Peter Jackson,The Making of The Return of the King
Peter Jackson,The Sci-Fi Boys
Peter Jackson,King Kong: Peter Jackson's Production Diaries
Peter Jackson,King Kong
Peter Jackson,"RKO Production 601: The Making of 'Kong, the Eighth Wonder of the World'"
Peter Jackson,The Art of Imagination: A Tribute to Oz
Peter Jackson,Lord of the Brush
Peter Jackson,Ringers: Lord of the Fans
Peter Jackson,The Characters of Star Wars
Peter Jackson,Frodo Is Great... Who Is That?!!
Peter Jackson,Entourage
Peter Jackson,DNZ: The Real Middle Earth
Peter Jackson,The Quest Fulfilled: A Director's Vision
Peter Jackson,The Lord of the Rings: The Return of the King
Peter Jackson,No Feat But What We Make: 'Terminator 2' and the Rise of Digital Effects
Peter Jackson,The Race for Everest
Peter Jackson,The Long and Short of It
Peter Jackson,The Lord of the Rings: The Two Towers
Peter Jackson,Icons
Peter Jackson,Beyond the Movie: The Fellowship of the Ring
Peter Jackson,The Lord of the Rings: The Fellowship of the Ring
Peter Jackson,A Passage to Middle-earth: Making of 'Lord of the Rings'
Peter Jackson,Quest for the Ring
Peter Jackson,Behind the Bull
Peter Jackson,The Making of 'The Frighteners'
Peter Jackson,The Frighteners
Peter Jackson,Forgotten Silver
Peter Jackson,Heavenly Creatures
Peter Jackson,Blue Heelers
Peter Jackson,Braindead
Peter Jackson,Meet the Feebles
Peter Jackson,Good Taste Made Bad Taste
Peter Jackson,Bad Taste
Peter Jackson,The Valley
Peter Jackson,The Oscars
Gareth Jensen,The Lord of the Rings: The Two Towers
Gareth Jensen,The Lord of the Rings: The Fellowship of the Ring
Ray Henwood,How to Murder Your Wife
Ray Henwood,The Hobbit: The Desolation of Smaug
Ray Henwood,The Lord of the Rings: The Fellowship of the Ring
Ray Henwood,Xena: Warrior Princess
Ray Henwood,Hercules: The Legendary Journeys
Ray Henwood,Heavenly Creatures
Ray Henwood,The Three-Legged Cat
Ray Henwood,The Boy with Two Shadows
Ray Henwood,Keeping House
Ray Henwood,The Great White Man-Eating Shark
Ray Henwood,Such a Stupid Way to Die
Taea Hartwell,The Lord of the Rings: The Fellowship of the Ring
David Houma,The Lord of the Rings: The Fellowship of the Ring
Zo Hartley,The Lord of the Rings: The Return of the King
Zo Hartley,The Lord of the Rings: The Fellowship of the Ring
Zo Hartley,Hercules: The Legendary Journeys
Zo Hartley,Hercules and the Circle of Fire
Jonathan Harding,The Lord of the Rings: The Two Towers
Jonathan Harding,The Lord of the Rings: The Fellowship of the Ring
Winham Hammond,The Lord of the Rings: The Rings of Power
Winham Hammond,Wanted
Winham Hammond,Belief: The Possession of Janet Moses
Winham Hammond,The Chronicles of Narnia: Prince Caspian
Winham Hammond,The Lord of the Rings: The Two Towers
Winham Hammond,The Lord of the Rings: The Fellowship of the Ring
Warren Green,The Lord of the Rings: The Fellowship of the Ring
Phoebe Gittins,The Lovely Bones
Phoebe Gittins,The Lord of the Rings: The Fellowship of the Ring
Ben Fransham,Mr. Corman
Ben Fransham,Minimally Invasive
Ben Fransham,The Turn of the Screw
Ben Fransham,Wellington Paranormal
Ben Fransham,The Shannara Chronicles
Ben Fransham,Ash vs Evil Dead
Ben Fransham,How to Murder Your Wife
Ben Fransham,What We Do in the Shadows
Ben Fransham,The Cure
Ben Fransham,The Witch & the Woodsman
Ben Fransham,Legend of the Seeker
Ben Fransham,30 Days of Night
Ben Fransham,The Ferryman
Ben Fransham,The Lord of the Rings: The Two Towers
Ben Fransham,The Lord of the Rings: The Fellowship of the Ring
Ben Fransham,Heavenly Creatures
Tim Kano,Spreadsheet
Tim Kano,La Brea
Tim Kano,Great White
Tim Kano,The Lord of the Rings: The Fellowship of the Ring
Xander Forterie,The Lord of the Rings: The Fellowship of the Ring
Jeff Kingsford-Brown,Upstage
Jeff Kingsford-Brown,The Lord of the Rings: The Fellowship of the Ring
Sam Kelly,The Lord of the Rings: The Two Towers
Sam Kelly,The Lord of the Rings: The Fellowship of the Ring
Sabine Crossen,Operation Napoleon
Sabine Crossen,The Moderator
Sabine Crossen,The House of Gaunt
Sabine Crossen,Six Hot Chicks in a Warehouse
Sabine Crossen,Fantastic Beasts: The Crimes of Grindelwald
Sabine Crossen,Sur un AirBnb
Sabine Crossen,Rogue One: A Star Wars Story
Sabine Crossen,Augmented
Sabine Crossen,Predator: Dark Ages
Sabine Crossen,Richard III: The Princes In the Tower
Sabine Crossen,Covert Operation
Sabine Crossen,The Love Punch
Sabine Crossen,The Big Bad Wolf
Sabine Crossen,Hitman
Sabine Crossen,The Lord of the Rings: The Fellowship of the Ring
Sabine Crossen,Ladies of the Law
Siaosi Fonua,Zero Dark Thirty
Siaosi Fonua,Spartacus
Siaosi Fonua,The Lord of the Rings: The Two Towers
Siaosi Fonua,The Lord of the Rings: The Fellowship of the Ring
Siaosi Fonua,Hercules: The Legendary Journeys
Branko Dordevich,The Lord of the Rings: The Fellowship of the Ring
Peter Daube,Human Traces
Peter Daube,Legend of the Seeker
Peter Daube,Orange Roughies
Peter Daube,Maddigan's Quest
Peter Daube,The Lord of the Rings: The Fellowship of the Ring
Peter Daube,The Irrefutable Truth About Demons
Peter Daube,Xena: Warrior Princess
Peter Daube,Hercules: The Legendary Journeys
Peter Daube,Bitch
Peter Daube,Power Rangers
Peter Daube,Eau de la vie
Mana Hira Davis,The Lord of the Rings: The Rings of Power
Mana Hira Davis,Ghost in the Shell
Mana Hira Davis,Do No Harm
Mana Hira Davis,The Chronicles of Narnia: Prince Caspian
Mana Hira Davis,The Lord of the Rings: The Two Towers
Mana Hira Davis,The Lord of the Rings: The Fellowship of the Ring
Tack Daniel,The Lord of the Rings: The Fellowship of the Ring
Norman Cates,The Lord of the Rings: The Fellowship of the Ring
Shane Dawson,The Lord of the Rings: The Two Towers
Shane Dawson,The Lord of the Rings: The Fellowship of the Ring
Shane Dawson,Hercules: The Legendary Journeys
Rachel Clentworth,Eternity
Rachel Clentworth,Angels Crest
Rachel Clentworth,The Lord of the Rings: The Fellowship of the Ring
Randall William Cook,Cleanin' Up the Town: Remembering Ghostbusters
Randall William Cook,Ray Harryhausen: Special Effects Titan
Randall William Cook,The Making of The Fellowship of the Ring
Randall William Cook,"RKO Production 601: The Making of 'Kong, the Eighth Wonder of the World'"
Randall William Cook,The Lord of the Rings: The Fellowship of the Ring
Randall William Cook,Redline
Randall William Cook,Demon in the Bottle
Randall William Cook,Trinity and Beyond: The Atomic Bomb Movie
Randall William Cook,"I, Madman"
Randall William Cook,The Oscars
Ryan Carey,The Lord of the Rings: The Two Towers
Ryan Carey,The Lord of the Rings: The Fellowship of the Ring
Ryan Carey,Hamlet
Riley Brophy,The Lord of the Rings: The Two Towers
Riley Brophy,The Lord of the Rings: The Fellowship of the Ring
Jed Brophy,The Lord of the Rings: The Rings of Power
Jed Brophy,Miss
Jed Brophy,Killer Sofa
Jed Brophy,Blue Moon
Jed Brophy,The Shannara Chronicles
Jed Brophy,The Dead Room
Jed Brophy,The Hobbit: The Battle of the Five Armies
Jed Brophy,The Hobbit: The Desolation of Smaug
Jed Brophy,The Hobbit: An Unexpected Journey
Jed Brophy,Tangiwai: A Love Story
Jed Brophy,The Warrior's Way
Jed Brophy,Tracker
Jed Brophy,Home by Christmas
Jed Brophy,District 9
Jed Brophy,Legend of the Seeker
Jed Brophy,Second Hand Wedding
Jed Brophy,King Kong
Jed Brophy,Fracture
Jed Brophy,The Lord of the Rings: The Return of the King
Jed Brophy,Perfect Strangers
Jed Brophy,The Lord of the Rings: The Two Towers
Jed Brophy,Tongan Ninja
Jed Brophy,The Lord of the Rings: The Fellowship of the Ring
Jed Brophy,Room Tone
Jed Brophy,Return to Treasure Island
Jed Brophy,Chicken
Jed Brophy,Xena: Warrior Princess
Jed Brophy,Hercules: The Legendary Journeys
Jed Brophy,Heavenly Creatures
Jed Brophy,The Last Tattoo
Jed Brophy,A Little Death
Jed Brophy,Absent Without Leave
Jed Brophy,Braindead
Jed Brophy,Chunuk Bair
Bob Blackwell,The Lord of the Rings: The Fellowship of the Ring
Lynden Berrymen,The Lord of the Rings: The Fellowship of the Ring
Ben Britton,The Lord of the Rings: The Two Towers
Ben Britton,The Lord of the Rings: The Fellowship of the Ring
Peter McKenzie,King Kong
Peter McKenzie,Frodo Is Great... Who Is That?!!
Peter McKenzie,The Lord of the Rings: The Fellowship of the Ring
Lee Hartley,The Lord of the Rings: The Return of the King
Lee Hartley,The Lord of the Rings: The Two Towers
Lee Hartley,The Lord of the Rings: The Fellowship of the Ring
Lee Hartley,A New Way Home
Harry Sinclair,The Call of Charlie
Harry Sinclair,Don't Call It a Comeback
Harry Sinclair,The Lord of the Rings: The Return of the King
Harry Sinclair,The Lord of the Rings: The Fellowship of the Ring
Harry Sinclair,Braindead
Harry Sinclair,The Footstep Man
Harry Sinclair,The Lounge Bar
Mark Ferguson,The Blue Rose
Mark Ferguson,Spooked
Mark Ferguson,Living the Dream
Mark Ferguson,The Lord of the Rings: The Fellowship of the Ring
Mark Ferguson,Xena: Warrior Princess
Mark Ferguson,Hercules: The Legendary Journeys
Mark Ferguson,Hercules and the Circle of Fire
Mark Ferguson,Power Rangers
Mark Ferguson,The Rainbow Warrior
Mark Ferguson,Shortland Street
Brent McIntyre,The Lord of the Rings: The Two Towers
Brent McIntyre,The Lord of the Rings: The Fellowship of the Ring
Orlando Bloom,Gran Turismo
Orlando Bloom,Wizards!
Orlando Bloom,Needle in a Timestack
Orlando Bloom,The Prince
Orlando Bloom,Billie Eilish: The World's a Little Blurry
Orlando Bloom,The Outpost
Orlando Bloom,Carnival Row
Orlando Bloom,And We Go Green
Orlando Bloom,Romans
Orlando Bloom,S.M.A.R.T. Chase
Orlando Bloom,Tour de Pharmacy
Orlando Bloom,Pirates of the Caribbean: Dead Men Tell No Tales
Orlando Bloom,Unlocked
Orlando Bloom,Easy
Orlando Bloom,Digging for Fire
Orlando Bloom,The Late Late Show with James Corden
Orlando Bloom,The Hobbit: The Battle of the Five Armies
Orlando Bloom,The Tonight Show Starring Jimmy Fallon
Orlando Bloom,Romeo and Juliet
Orlando Bloom,The Hobbit: The Desolation of Smaug
Orlando Bloom,Zulu
Orlando Bloom,Marina Abramović: The Artist Is Present
Orlando Bloom,The Three Musketeers
Orlando Bloom,The Good Doctor
Orlando Bloom,Fight for Your Right Revisited
Orlando Bloom,Main Street
Orlando Bloom,Sympathy for Delicious
Orlando Bloom,David Blaine: What Is Magic?
Orlando Bloom,"New York, I Love You"
Orlando Bloom,Pirates of the Caribbean: At World's End
Orlando Bloom,The Graham Norton Show
Orlando Bloom,Love and Other Disasters
Orlando Bloom,Pirates of the Caribbean: Dead Man's Chest
Orlando Bloom,Soccer Aid
Orlando Bloom,The Armenian Genocide
Orlando Bloom,The Path to Redemption
Orlando Bloom,The Reichen Show
Orlando Bloom,Elizabethtown
Orlando Bloom,Extras
Orlando Bloom,Kingdom of Heaven
Orlando Bloom,Ringers: Lord of the Fans
Orlando Bloom,Haven
Orlando Bloom,Troy
Orlando Bloom,The Calcium Kid
Orlando Bloom,The Quest Fulfilled: A Director's Vision
Orlando Bloom,An Epic At Sea: The Making of Pirates of the Caribbean: The Curse of the Black Pearl
Orlando Bloom,Below Deck: An Interactive History Of Pirates
Orlando Bloom,The Lord of the Rings: The Return of the King
Orlando Bloom,The Ellen DeGeneres Show
Orlando Bloom,Pirates of the Caribbean: The Curse of the Black Pearl
Orlando Bloom,Ned Kelly
Orlando Bloom,Jimmy Kimmel Live!
Orlando Bloom,The Lord of the Rings: The Two Towers
Orlando Bloom,V Graham Norton
Orlando Bloom,Black Hawk Down
Orlando Bloom,Beyond the Movie: The Fellowship of the Ring
Orlando Bloom,The Lord of the Rings: The Fellowship of the Ring
Orlando Bloom,A Passage to Middle-earth: Making of 'Lord of the Rings'
Orlando Bloom,Quest for the Ring
Orlando Bloom,The Early Show
Orlando Bloom,Smack the Pony
Orlando Bloom,TRL
Orlando Bloom,So Graham Norton
Orlando Bloom,Wilde
Orlando Bloom,Midsomer Murders
Orlando Bloom,Late Night with Conan O'Brien
Orlando Bloom,The Tonight Show with Jay Leno
Orlando Bloom,LIVE with Kelly and Ryan
Orlando Bloom,Casualty
Orlando Bloom,Wanna Bet?
Orlando Bloom,The Oscars
Orlando Bloom,Today
Orlando Bloom,Bambi Awards
Sam La Hood,"The Chronicles of Narnia: The Lion, the Witch and the Wardrobe"
Sam La Hood,The Lord of the Rings: The Two Towers
Sam La Hood,The Lord of the Rings: The Fellowship of the Ring
Ian Mune,The Master Builder
Ian Mune,Kiwi Christmas
Ian Mune,Wanted
Ian Mune,Housebound
Ian Mune,Ghost Bride
Ian Mune,Agent Anna
Ian Mune,Rest for the Wicked
Ian Mune,The Insatiable Moon
Ian Mune,Spies and Lies
Ian Mune,Wound
Ian Mune,I'm Not Harry Jenson
Ian Mune,Legend of the Seeker
Ian Mune,Burying Brian
Ian Mune,Perfect Creature
Ian Mune,Ike: Countdown to D-Day
Ian Mune,Spooked
Ian Mune,Lucy
Ian Mune,The Lord of the Rings: The Fellowship of the Ring
Ian Mune,Cow
Ian Mune,Savage Honeymoon
Ian Mune,Numero Bruno
Ian Mune,Topless Women Talk About Their Lives
Ian Mune,The Last of the Ryans
Ian Mune,Hercules: The Legendary Journeys
Ian Mune,Once Were Warriors
Ian Mune,The Piano
Ian Mune,Cowboys of Culture
Ian Mune,Thunderbox
Ian Mune,Shaker Run
Ian Mune,Dangerous Orphans
Ian Mune,Nutcase
Ian Mune,Sleeping Dogs
Ian Mune,Rangi's Catch
Ian Mune,The Mysterious Campers
Ian Mune,Packed in the Boot
John Rhys-Davies,Lantern City
John Rhys-Davies,Archaeology
John Rhys-Davies,Indiana Jones and the Dial of Destiny
John Rhys-Davies,Starbright
John Rhys-Davies,Kingslayer
John Rhys-Davies,Silent Night: A Song for the World
John Rhys-Davies,Indiana Jones: The Search for the Lost Golden Age
John Rhys-Davies,Bad Cupid
John Rhys-Davies,Moments in Spacetime
John Rhys-Davies,Valley of the Gods
John Rhys-Davies,G-Loc
John Rhys-Davies,Wizards: Tales of Arcadia
John Rhys-Davies,Tainted
John Rhys-Davies,Josh Gates Tonight
John Rhys-Davies,I Am Patrick: The Patron Saint of Ireland
John Rhys-Davies,Shadowtown
John Rhys-Davies,Mosley
John Rhys-Davies,Santa Fake
John Rhys-Davies,The Pilgrim's Progress
John Rhys-Davies,Aquaman
John Rhys-Davies,Aux
John Rhys-Davies,I Am Israel
John Rhys-Davies,Camera Store
John Rhys-Davies,Winter Thaw
John Rhys-Davies,The Apostle Peter: Redemption
John Rhys-Davies,The Shannara Chronicles
John Rhys-Davies,The Blue Mauritius
John Rhys-Davies,Many Beautiful Things
John Rhys-Davies,Golden Shoes
John Rhys-Davies,Documentary Now!
John Rhys-Davies,The Watchmaker's Apprentice
John Rhys-Davies,Beyond the Mask
John Rhys-Davies,Killing Jesus
John Rhys-Davies,Harvey Beaks
John Rhys-Davies,Raiders!: The Story of the Greatest Fan Film Ever Made
John Rhys-Davies,The Adventures of Puss in Boots
John Rhys-Davies,Let The Season In
John Rhys-Davies,Under Milk Wood
John Rhys-Davies,Time Lapse
John Rhys-Davies,Saul: The Journey to Damascus
John Rhys-Davies,Apocalypse Pompeii
John Rhys-Davies,Hieroglyph
John Rhys-Davies,Prisoners of the Sun
John Rhys-Davies,The Worst Movies of All Time
John Rhys-Davies,Scooby-Doo! Adventures: The Mystery Map
John Rhys-Davies,Concrete Blondes
John Rhys-Davies,100 Degrees Below Zero
John Rhys-Davies,Smokin'
John Rhys-Davies,Missing Christmas
John Rhys-Davies,Metal Hurlant Chronicles
John Rhys-Davies,Escape
John Rhys-Davies,Once Upon a Time
John Rhys-Davies,Return to the Hiding Place
John Rhys-Davies,Treasure Hunters
John Rhys-Davies,KJB: The Book That Changed the World
John Rhys-Davies,Ferocious Planet
John Rhys-Davies,The King James Bible: The Book That Changed the World
John Rhys-Davies,Three Wise Women
John Rhys-Davies,Tom and Jerry Meet Sherlock Holmes
John Rhys-Davies,Medium Raw
John Rhys-Davies,31 North 62 East
John Rhys-Davies,Reclaiming the Blade
John Rhys-Davies,Krod Mandoon and the Flaming Sword of Fire
John Rhys-Davies,Anacondas: Trail of Blood
John Rhys-Davies,Legend of the Seeker
John Rhys-Davies,The Search for the Ark of the Covenant
John Rhys-Davies,Fire and Ice: The Dragon Chronicles
John Rhys-Davies,Kiss Me Deadly
John Rhys-Davies,Anaconda 3: Offspring
John Rhys-Davies,In the Name of the King: A Dungeon Siege Tale
John Rhys-Davies,The Legend of Sasquatch
John Rhys-Davies,The Ferryman
John Rhys-Davies,One Night with the King
John Rhys-Davies,The Making of The Fellowship of the Ring
John Rhys-Davies,Psych
John Rhys-Davies,Shark Bait
John Rhys-Davies,The King Maker
John Rhys-Davies,Shadows in the Sun
John Rhys-Davies,The Lost Angel
John Rhys-Davies,The Game of Their Lives
John Rhys-Davies,Revelations
John Rhys-Davies,Chupacabra Terror
John Rhys-Davies,Ringers: Lord of the Fans
John Rhys-Davies,The Privileged Planet
John Rhys-Davies,Super Robot Monkey Team Hyperforce Go!
John Rhys-Davies,Vlad
John Rhys-Davies,The Princess Diaries 2: Royal Engagement
John Rhys-Davies,The Lady Musketeer
John Rhys-Davies,12 Days Of Terror
John Rhys-Davies,Dragon Storm
John Rhys-Davies,Stars of the Pharaohs
John Rhys-Davies,Beyond the Movie: The Return of the King
John Rhys-Davies,The Lord of the Rings: The Return of the King
John Rhys-Davies,Indiana Jones: Making the Trilogy
John Rhys-Davies,Coronado
John Rhys-Davies,The Making of Shōgun
John Rhys-Davies,Never Say Never Mind
John Rhys-Davies,The Medallion
John Rhys-Davies,Justice League: Paradise Lost
John Rhys-Davies,The Search for the Real Mt. Sinai
John Rhys-Davies,"The Making of 20,000 Leagues Under The Sea"
John Rhys-Davies,Helen of Troy
John Rhys-Davies,The Jungle Book 2
John Rhys-Davies,The Lord of the Rings: The Two Towers
John Rhys-Davies,Sabretooth
John Rhys-Davies,Endangered Species
John Rhys-Davies,Scorcher
John Rhys-Davies,Fillmore!
John Rhys-Davies,Beyond the Movie: The Fellowship of the Ring
John Rhys-Davies,The Lord of the Rings: The Fellowship of the Ring
John Rhys-Davies,A Passage to Middle-earth: Making of 'Lord of the Rings'
John Rhys-Davies,Quest for the Ring
John Rhys-Davies,Justice League
John Rhys-Davies,The Zeta Project
John Rhys-Davies,Delta Force One: The Lost Patrol
John Rhys-Davies,The Secret Adventures of Jules Verne
John Rhys-Davies,Sinbad: Beyond the Veil of Mists
John Rhys-Davies,Britannic
Billy Boyd,Living with Chucky
Billy Boyd,The Legend of Vox Machina
Billy Boyd,An Intrusion
Billy Boyd,Chucky
Billy Boyd,The Loud House Movie
Billy Boyd,Walking with Herb
Billy Boyd,Hollywood
Billy Boyd,Tell It to the Bees
Billy Boyd,Doom Patrol
Billy Boyd,Golden Minutes
Billy Boyd,Snowfall
Billy Boyd,Stoner Express
John Rhys-Davies,Au Pair
John Rhys-Davies,Secret of the Andes
John Rhys-Davies,SpongeBob SquarePants
John Rhys-Davies,Body Armor
John Rhys-Davies,You Wish
John Rhys-Davies,Cats Don't Dance
John Rhys-Davies,Bloodsport III
John Rhys-Davies,Boo to You Too! Winnie the Pooh
John Rhys-Davies,Mortal Kombat: Defenders of the Realm
John Rhys-Davies,Arliss
John Rhys-Davies,Aladdin and the King of Thieves
John Rhys-Davies,The Great White Hype
John Rhys-Davies,Catherine the Great
John Rhys-Davies,Echo of Blue
John Rhys-Davies,Marquis de Sade
John Rhys-Davies,Glory Daze
Billy Boyd,White Island
Billy Boyd,The Late Show with Stephen Colbert
Billy Boyd,The Alpha Invention
Billy Boyd,Mara and the Firebringer
Billy Boyd,Outlander
Billy Boyd,Macbeth - Live at Shakespeare's Globe
Billy Boyd,Motive
Billy Boyd,Space Milkshake
Billy Boyd,The Forger
Billy Boyd,Dorothy And The Witches Of Oz
Billy Boyd,Ecstasy
Billy Boyd,Moby Dick
Billy Boyd,The Witches of Oz
Billy Boyd,"Glenn, the Flying Robot"
Billy Boyd,Pimp
Billy Boyd,Every Jack Has a Jill
Billy Boyd,Stone of Destiny
Dominic Monaghan,Moonhaven
Dominic Monaghan,The Legend of Vox Machina
Dominic Monaghan,Last Looks
Dominic Monaghan,Edge of the World
Dominic Monaghan,The Skywalker Legacy
Dominic Monaghan,Star Wars: The Rise of Skywalker
Dominic Monaghan,Radioflash
Dominic Monaghan,Waterlily Jaguar
Dominic Monaghan,Bite Club
Dominic Monaghan,Mute
Dominic Monaghan,A Midsummer's Nightmare
John Rhys-Davies,Freakazoid!
John Rhys-Davies,Pinky and the Brain
John Rhys-Davies,Sliders
John Rhys-Davies,Star Trek: Voyager
John Rhys-Davies,A Mind to Kill
John Rhys-Davies,A Flintstones Christmas Carol
John Rhys-Davies,Gargoyles
John Rhys-Davies,Fantastic Four
John Rhys-Davies,The High Crusade
John Rhys-Davies,Duckman
John Rhys-Davies,Robot in the Family
John Rhys-Davies,Blood of the Innocent
John Rhys-Davies,Wing Commander III: Heart of the Tiger
John Rhys-Davies,Cyborg Cop
John Rhys-Davies,Sunset Grill
John Rhys-Davies,Animaniacs
John Rhys-Davies,South Beach
Billy Boyd,Empty
Billy Boyd,Save Angel Hope
Billy Boyd,The Making of The Fellowship of the Ring
Billy Boyd,The Flying Scotsman
Billy Boyd,Jack Osbourne: Adrenaline Junkie
Billy Boyd,On a Clear Day
Billy Boyd,Chucky's Family Vacation
Billy Boyd,Grey's Anatomy
Billy Boyd,Ringers: Lord of the Fans
Billy Boyd,Stories of Lost Souls
Billy Boyd,Seed of Chucky
Billy Boyd,Frodo Is Great... Who Is That?!!
Billy Boyd,The Quest Fulfilled: A Director's Vision
Billy Boyd,The Lord of the Rings: The Return of the King
Billy Boyd,Master and Commander: The Far Side of the World
Billy Boyd,Punk'd
Dominic Monaghan,Atomica
Dominic Monaghan,Pet
Dominic Monaghan,Quantum Break
Dominic Monaghan,The Late Show with Stephen Colbert
Dominic Monaghan,Molly Moon and the Incredible Book of Hypnotism
Dominic Monaghan,100 Code
Dominic Monaghan,Hollywood Game Night
Dominic Monaghan,The Millionaire Tour
Dominic Monaghan,The Unknown
Dominic Monaghan,Soldiers of Fortune
Dominic Monaghan,The Eric Andre Show
Dominic Monaghan,The Day
Dominic Monaghan,Goodnight Burbank
Dominic Monaghan,Detention
Dominic Monaghan,Top Gear
John Rhys-Davies,Peak Practice
John Rhys-Davies,The Seventh Coin
John Rhys-Davies,The Untouchables
John Rhys-Davies,Ring of the Musketeers
John Rhys-Davies,The Making of Aladdin: A Whole New World
John Rhys-Davies,The Unnamable II
John Rhys-Davies,Canvas
John Rhys-Davies,The Double 0 Kid
John Rhys-Davies,Batman: The Animated Series
John Rhys-Davies,Return to the Lost World
John Rhys-Davies,Perry Mason: The Case of the Fatal Framing
John Rhys-Davies,The Lost World
John Rhys-Davies,The Legend of Prince Valiant
John Rhys-Davies,Great Expectations
John Rhys-Davies,Journey of Honor
Billy Boyd,The Lord of the Rings: The Two Towers
Billy Boyd,Still Game
Billy Boyd,Beyond the Movie: The Fellowship of the Ring
Billy Boyd,The Lord of the Rings: The Fellowship of the Ring
Billy Boyd,A Passage to Middle-earth: Making of 'Lord of the Rings'
Billy Boyd,Quest for the Ring
Billy Boyd,Richard & Judy
Billy Boyd,Julie and the Cadillacs
Billy Boyd,Urban Ghost Story
Billy Boyd,The Simpsons
Billy Boyd,This Morning
Billy Boyd,Casualty
Dominic Monaghan,FlashForward
Dominic Monaghan,Wolverine Unleashed: The Complete Origins
Dominic Monaghan,X-Men Origins: Wolverine
Dominic Monaghan,Childrens Hospital
Dominic Monaghan,I Sell the Dead
Dominic Monaghan,Chuck
Dominic Monaghan,Rachael Ray
Dominic Monaghan,The Making of The Fellowship of the Ring
Dominic Monaghan,The Purifiers
Dominic Monaghan,Ringers: Lord of the Fans
Dominic Monaghan,The Late Late Show with Craig Ferguson
Dominic Monaghan,Shooting Livien
Dominic Monaghan,Lost
Dominic Monaghan,Frodo Is Great... Who Is That?!!
Dominic Monaghan,I Love the '90s
John Rhys-Davies,Under Cover
John Rhys-Davies,Strauss Dynasty
John Rhys-Davies,I Misteri Della Giungla Nera
John Rhys-Davies,The Strauss Dynasty
John Rhys-Davies,Before the Storm
John Rhys-Davies,Secret Weapon
John Rhys-Davies,Desperado: Badlands Justice
John Rhys-Davies,Rising Storm
John Rhys-Davies,The Gifted One
John Rhys-Davies,Tales from the Crypt
John Rhys-Davies,Indiana Jones and the Last Crusade
John Rhys-Davies,The Trial of the Incredible Hulk
John Rhys-Davies,Goddess of Love
John Rhys-Davies,War and Remembrance
John Rhys-Davies,Young Toscanini
John Rhys-Davies,Higher Ground
Dominic Monaghan,Spivs
Dominic Monaghan,The Quest Fulfilled: A Director's Vision
Dominic Monaghan,The Lord of the Rings: The Return of the King
Dominic Monaghan,The Ellen DeGeneres Show
Dominic Monaghan,Punk'd
Dominic Monaghan,Jimmy Kimmel Live!
Dominic Monaghan,The Lord of the Rings: The Two Towers
Dominic Monaghan,Beyond the Movie: The Fellowship of the Ring
Dominic Monaghan,The Lord of the Rings: The Fellowship of the Ring
Dominic Monaghan,A Passage to Middle-earth: Making of 'Lord of the Rings'
Dominic Monaghan,Quest for the Ring
Dominic Monaghan,Monsignor Renard
Dominic Monaghan,This Is Personal: The Hunt for the Yorkshire Ripper
Dominic Monaghan,Hostile Waters
Dominic Monaghan,The View
Dominic Monaghan,Hetty Wainthropp Investigates
Sarah McLeod,Hugh and Heke
Sarah McLeod,We're Here to Help
Sarah McLeod,The Lord of the Rings: The Return of the King
Sarah McLeod,The Lord of the Rings: The Fellowship of the Ring
Sarah McLeod,A Twist in the Tale
Sarah McLeod,Forgotten Silver
Sarah McLeod,Shortland Street
John Rhys-Davies,Waxwork
John Rhys-Davies,Noble House
John Rhys-Davies,Tusks
John Rhys-Davies,The Little Match Girl
John Rhys-Davies,Perry Mason: The Case of the Murdered Madam
John Rhys-Davies,The Living Daylights
John Rhys-Davies,Firewalker
John Rhys-Davies,In the Shadow of Kilimanjaro
John Rhys-Davies,King Solomon's Mines
John Rhys-Davies,Best Revenge
John Rhys-Davies,"Murder, She Wrote"
John Rhys-Davies,Sword of the Valiant: The Legend of Sir Gawain and the Green Knight
John Rhys-Davies,No Man's Land
John Rhys-Davies,Kim
John Rhys-Davies,Robin of Sherwood
John Rhys-Davies,Nairobi Affair
John Rhys-Davies,Sahara
Dominic Monaghan,MADtv
Dominic Monaghan,Late Night with Conan O'Brien
Dominic Monaghan,The Tonight Show with Jay Leno
Dominic Monaghan,LIVE with Kelly and Ryan
John Rhys-Davies,Sadat
John Rhys-Davies,Scarecrow and Mrs. King
John Rhys-Davies,Reilly: Ace of Spies
John Rhys-Davies,Grizzly II: Revenge
John Rhys-Davies,Victor/Victoria
John Rhys-Davies,Ivanhoe
John Rhys-Davies,The Island of Adventure
John Rhys-Davies,The Making of 'Raiders of the Lost Ark'
John Rhys-Davies,Raiders of the Lost Ark
John Rhys-Davies,Peter and Paul
John Rhys-Davies,Sphinx
John Rhys-Davies,The Merchant of Venice
John Rhys-Davies,Shogun
John Rhys-Davies,A Nightingale Sang In Berkeley Square
John Rhys-Davies,Fox
John Rhys-Davies,Question Time
John Rhys-Davies,Henry VIII
John Rhys-Davies,The Nativity
John Rhys-Davies,BBC Television Shakespeare
John Rhys-Davies,Fearless Frank
John Rhys-Davies,Enemy at the Door
John Rhys-Davies,Hazell
John Rhys-Davies,1990
John Rhys-Davies,CHiPs
John Rhys-Davies,Target
John Rhys-Davies,Beasts: During Barty's Party
John Rhys-Davies,Beasts
John Rhys-Davies,"I, Claudius"
John Rhys-Davies,The Naked Civil Servant
John Rhys-Davies,Quiller
John Rhys-Davies,The Sweeney
John Rhys-Davies,Penny Gold
John Rhys-Davies,Within These Walls
Sean Astin,Hard Miles
Sean Astin,Man & Witch
Sean Astin,A Social Contract
Sean Astin,The Man In The White Van
Sean Astin,iMordecai
Sean Astin,Charming the Hearts of Men
Sean Astin,Hero Mode
Martyn Sanderson,Barry Barclay: The Camera on the Shore
Martyn Sanderson,The Lord of the Rings: The Fellowship of the Ring
Martyn Sanderson,Cow
Martyn Sanderson,Christmas Oratorio
Martyn Sanderson,Chicken
Martyn Sanderson,Hercules: The Legendary Journeys
Martyn Sanderson,Savage Play
Martyn Sanderson,The Last Tattoo
Martyn Sanderson,Drag
Martyn Sanderson,Shortland Street
Martyn Sanderson,Old Scores
Martyn Sanderson,An Angel at My Table
Martyn Sanderson,Never Say Die
Martyn Sanderson,The Tale of Ruby Rose
John Rhys-Davies,Warship
John Rhys-Davies,The Incredible Robert Baldick: Never Come Night
John Rhys-Davies,The Adventures of Black Beauty
John Rhys-Davies,The Guardians
John Rhys-Davies,Budgie
John Rhys-Davies,Z-Cars
John Rhys-Davies,Dixon of Dock Green
Sean Astin,Playing with Power: The Nintendo Story
Sean Astin,Adverse
Sean Astin,Captain Underpants: Mega Blissmas
Sean Astin,The Wayward Guide for the Untrained Eye
Sean Astin,Justice League Dark: Apokolips War
Sean Astin,LEGO DC: Shazam! Magic and Monsters
Sean Astin,Reunited Apart
Sean Astin,The Spooky Tale of Captain Underpants Hack-a-ween
Sean Astin,Scooby-Doo and Guess Who?
Sean Astin,No Good Nick
Sean Astin,Gloria Bell
Sean Astin,The Epic Tales of Captain Underpants
Sean Astin,eHero
Sean Astin,Ploey: You Never Fly Alone
Sean Astin,Beyond Stranger Things
Sean Astin,Espionage Tonight
Sean Astin,Dead Ant
Martyn Sanderson,The Harp in the South
Martyn Sanderson,Poor Man's Orange
Martyn Sanderson,The Harp in the South
Martyn Sanderson,Sylvia
Martyn Sanderson,My First Suit
Martyn Sanderson,Wild Horses
Martyn Sanderson,The Lost Tribe
Martyn Sanderson,Bad Blood
Martyn Sanderson,The Scarecrow
Martyn Sanderson,Squeeze
Martyn Sanderson,Beyond Reasonable Doubt
Martyn Sanderson,Keskidee Aroha
Martyn Sanderson,Solo
Martyn Sanderson,Autumn Fires
Martyn Sanderson,Wild Man
Sean Bean,Saint Seiya: Knights of the Zodiac
Sean Bean,Jupiter Ascending Genetically Spliced
Sean Bean,Watch the Skies
Sean Bean,The 4th Reich
Sean Bean,Marriage
Sean Bean,Time
Sean Bean,Identity Crisis: Bringing Possessor to Life
Viggo Mortensen,The Dead Don't Hurt
Viggo Mortensen,Small Dark Look
Viggo Mortensen,Two Wolves
Viggo Mortensen,Eureka
Viggo Mortensen,Unabomb
Viggo Mortensen,Thirteen Lives
Viggo Mortensen,Crimes of the Future
Viggo Mortensen,Falling - Q&A
Viggo Mortensen,Falling
Viggo Mortensen,Green Book
Viggo Mortensen,The Revolution Televised
Sean Astin,Unleashed
Sean Astin,Not a War Story
Sean Astin,The Lears
Sean Astin,Tales of the Teenage Mutant Ninja Turtles: Super Shredder
Sean Astin,Swing State
Sean Astin,Bad Kids of Crestview Academy
Sean Astin,Justice League Action
Sean Astin,"Unlocked: The World of Games, Revealed"
Sean Astin,Stranger Things
Sean Astin,Range 15
Sean Astin,The Do-Over
Sean Astin,Bunnicula
Sean Astin,Half-Shell Heroes: Blast to the Past
Sean Astin,Supergirl
Sean Astin,Woodlawn
Sean Astin,Minecraft: Story Mode
Sean Astin,Con Man
Sean Astin,New Looney Tunes
Sean Bean,Wolfwalkers
Sean Bean,Possessor Uncut
Sean Bean,Snowpiercer
Sean Bean,World on Fire
Sean Bean,Game of Thrones: The Last Watch
Sean Bean,Curfew
Sean Bean,Taniel
Sean Bean,The Oath
Sean Bean,Dark River
Sean Bean,The Unconquered
Sean Bean,Faster Than Light: the Dream of Interstellar Flight
Sean Bean,Broken
Sean Bean,Drone
Sean Bean,Roman Empire
Sean Bean,Medici: Masters of Florence
Viggo Mortensen,Captain Fantastic
Viggo Mortensen,Angels & Atom Bombs
Viggo Mortensen,Close Up with The Hollywood Reporter
Viggo Mortensen,Far from Men
Viggo Mortensen,Jauja
Viggo Mortensen,The Two Faces of January
Viggo Mortensen,Cosmos
Viggo Mortensen,Late Night with Seth Meyers
Viggo Mortensen,Everybody Has a Plan
Viggo Mortensen,On the Road
Viggo Mortensen,A Dangerous Method
Viggo Mortensen,Christopher Lee - Gentleman des Grauens
Viggo Mortensen,Never Sleep Again: The Elm Street Legacy
Viggo Mortensen,The People Speak
Viggo Mortensen,The Road
Viggo Mortensen,Reclaiming the Blade
Viggo Mortensen,El destino del Lukong
Sean Astin,Hatched: Chicks Gone Wild!
Sean Astin,Checkmate
Sean Astin,Teenage Mutant Ninja Turtles: Pulverizer Power
Sean Astin,Remember the Sultana
Sean Astin,Do You Believe?
Sean Astin,K-9 World Cup
Sean Astin,The Dramatics: A Comedy
Sean Astin,Teenage Mutant Ninja Turtles: Renegade Rampage
Sean Astin,Justice League: Throne of Atlantis
Sean Astin,Santa Switch
Sean Astin,The Librarians
Sean Astin,Penn Zero: Part-Time Hero
Sean Astin,The Surface
Sean Astin,The Hero of Color City
Sean Astin,Video Games: The Movie
Sean Astin,The Strain
Sean Bean,Wasted
Sean Bean,Kingsglaive: Final Fantasy XV
Sean Bean,Life Inside Jail: Hell On Earth
Sean Bean,The Young Messiah
Sean Bean,The Frankenstein Chronicles
Sean Bean,The Martian
Sean Bean,Pixels
Sean Bean,Sean Bean on Waterloo
Sean Bean,ARES: live
Sean Bean,Any Day
Sean Bean,Jupiter Ascending
Sean Bean,The Snow Queen 2: Refreeze
Sean Bean,Legends
Sean Bean,Wicked Blood
Sean Bean,Wild in the Streets
Sean Bean,Fight Club - A History of Violence
Sean Bean,Silent Hill: Revelation 3D
Sean Bean,Georgian Fighting Women
Sean Bean,Hooligan
Viggo Mortensen,Good
Viggo Mortensen,Appaloosa
Viggo Mortensen,Eastern Promises
Viggo Mortensen,Captain Mike Across America
Viggo Mortensen,Slacker Uprising
Viggo Mortensen,Alatriste
Viggo Mortensen,Too Commercial for Cannes
Viggo Mortensen,A History of Violence
Viggo Mortensen,Ringers: Lord of the Fans
Viggo Mortensen,Hidalgo
Viggo Mortensen,The Quest Fulfilled: A Director's Vision
Viggo Mortensen,The Lord of the Rings: The Return of the King
Viggo Mortensen,Real Time with Bill Maher
Viggo Mortensen,The Lord of the Rings: The Two Towers
Viggo Mortensen,Sucré Salé
Viggo Mortensen,The Lord of the Rings: The Fellowship of the Ring
Viggo Mortensen,A Passage to Middle-earth: Making of 'Lord of the Rings'
Viggo Mortensen,Quest for the Ring
Phil Grieve,The Lord of the Rings: The Rings of Power
Phil Grieve,Pete's Dragon
Phil Grieve,Wanted
Phil Grieve,Fresh Meat
Phil Grieve,The Warrior's Way
Phil Grieve,Kaitangata Twitch
Phil Grieve,Spartacus
Phil Grieve,Bridge to Terabithia
Phil Grieve,King Kong
Phil Grieve,The Lord of the Rings: The Return of the King
Phil Grieve,The Lord of the Rings: The Two Towers
Phil Grieve,The Lord of the Rings: The Fellowship of the Ring
Phil Grieve,Stickmen
Phil Grieve,The Irrefutable Truth About Demons
Phil Grieve,Saving Grace
Phil Grieve,Hercules: The Legendary Journeys
Ian McKellen,Hamlet Revenant
Ian McKellen,Knights of Classic Drama at the BBC
Ian McKellen,The Critic
Ian McKellen,Marley
Ian McKellen,Quintessentially British
Ian McKellen,On Broadway
Ian McKellen,Hating Peter Tatchell
Sean Astin,A Long Run
Sean Astin,Moms' Night Out
Sean Astin,Boys of Abu Ghraib
Sean Astin,Cabin Fever: Patient Zero
Sean Astin,Justice League: War
Sean Astin,Stan Lee's Mighty 7
Sean Astin,The Naughty List
Sean Astin,The Freemason
Sean Astin,Hatched
Sean Astin,Brooklyn Nine-Nine
Sean Astin,Teenage Mutant Ninja Turtles: Enter Shredder
Sean Astin,Extraction
Sean Astin,Out West
Sean Astin,Sofia the First
Sean Astin,Addicted To Fame
Sean Astin,Amazing Love
Sean Bean,Soldiers of Fortune
Sean Bean,Missing
Sean Bean,Mirror Mirror
Sean Bean,Cleanskin
Sean Bean,Age of Heroes
Sean Bean,Game of Thrones
Sean Bean,Accused
Sean Bean,The Lost Future
Sean Bean,Death Race 2
Sean Bean,Black Death
Sean Bean,Ca$h
Sean Bean,Percy Jackson & the Olympians: The Lightning Thief
Sean Bean,Red Riding: The Year of Our Lord 1983
Sean Bean,Red Riding: The Year of Our Lord 1974
Sean Bean,Sharpe's Peril
Sean Bean,Crusoe
Sean Bean,Far North
Sean Bean,Outlaw
Sean Bean,The Hitcher
Viggo Mortensen,28 Days
Viggo Mortensen,Psycho Path
Viggo Mortensen,The Early Show
Viggo Mortensen,A Walk on the Moon
Viggo Mortensen,Psycho
Viggo Mortensen,A Perfect Murder
Viggo Mortensen,My Brother's Gun
Viggo Mortensen,G.I. Jane
Viggo Mortensen,Vanishing Point
Viggo Mortensen,Daylight
Viggo Mortensen,The Portrait of a Lady
Viggo Mortensen,Albino Alligator
Viggo Mortensen,The Daily Show with Trevor Noah
Viggo Mortensen,The Prophecy
Viggo Mortensen,Crimson Tide
Viggo Mortensen,The Passion of Darkly Noon
Viggo Mortensen,Gimlet
Viggo Mortensen,Floundering
Ian McKellen,Infinitum: Subject Unknown
Ian McKellen,Great British Theatre
Ian McKellen,"Ian McKellen on Stage: With Tolkien, Shakespeare, Others and YOU"
Ian McKellen,Du Fu: China's Greatest Poet
Ian McKellen,Cats
Ian McKellen,The Good Liar
Ian McKellen,All Is True
Ian McKellen,National Theatre Live: King Lear
Ian McKellen,McKellen: Playing the Part
Ian McKellen,The Paul O'Grady Story
Ian McKellen,Animal Crackers
Ian McKellen,How a Kite Flies
Ian McKellen,Beauty and the Beast
Ian McKellen,The Untold Tales of Armistead Maupin
Ian McKellen,Edmund the Magnificent
Ian McKellen,Judi Dench: All the World's Her Stage
Ian McKellen,National Theatre Live: No Man's Land
Sean Astin,Teenage Mutant Ninja Turtles
Sean Astin,Adopting Terror
Sean Astin,Dorothy And The Witches Of Oz
Sean Astin,Love's Christmas Journey
Sean Astin,And They're Off
Sean Astin,Stay Cool
Sean Astin,Alphas
Sean Astin,The Witches of Oz
Sean Astin,Deep Blue Breath
Sean Astin,Demoted
Sean Astin,WWII in HD: The Air War
Sean Astin,With Great Power: The Stan Lee Story
Sean Astin,Making of a Cult Classic: The Unauthorized Story of 'The Goonies'
Sean Astin,Alvin and the Chipmunks: The Squeakquel
Sean Astin,Special Agent Oso
Sean Astin,Forever Strong
Sean Astin,The Colour of Magic
Sean Bean,The Making of The Fellowship of the Ring
Sean Bean,Path of Darkness: Making 'Silent Hill'
Sean Bean,Directing Bond: The Martin Chronicles
Sean Bean,The Return of Bond: The Start of Production Press Event
Sean Bean,Sharpe's Challenge
Sean Bean,Silent Hill
Sean Bean,Faceless
Sean Bean,The Reichen Show
Sean Bean,The Dark
Sean Bean,Flightplan
Sean Bean,The Island
Sean Bean,D-Day to Berlin
Sean Bean,North Country
Sean Bean,National Treasure
Sean Bean,Pride
Sean Bean,Troy
Sean Bean,The Lord of the Rings: The Return of the King
Sean Bean,Henry VIII
Viggo Mortensen,The Crew
Viggo Mortensen,Gospel According to Harry
Viggo Mortensen,Carlito's Way
Viggo Mortensen,The Young Americans
Viggo Mortensen,Boiling Point
Viggo Mortensen,American Yakuza
Viggo Mortensen,Ruby Cairo
Viggo Mortensen,The Indian Runner
Viggo Mortensen,The Reflecting Skin
Viggo Mortensen,Young Guns II
Viggo Mortensen,Leatherface: The Texas Chainsaw Massacre III
Viggo Mortensen,Tripwire
Viggo Mortensen,Fresh Horses
Viggo Mortensen,Let's Get Lost
Viggo Mortensen,Prison
Ian McKellen,"Shakespeare on Stage, Screen and Elsewhere with Ian McKellen"
Ian McKellen,Shakespeare on Film
Ian McKellen,Play the Devil: Making Richard III
Ian McKellen,Shakespeare Live! From the RSC
Ian McKellen,The Roof
Ian McKellen,The Dresser
Ian McKellen,X-Men: Unguarded
Ian McKellen,Mr. Holmes
Ian McKellen,The Hobbit: The Battle of the Five Armies
Ian McKellen,X-Men: Reunited
Ian McKellen,Trailblazer Honors
Ian McKellen,X-Men: Days of Future Past
Ian McKellen,Miss in Her Teens
Ian McKellen,Late Night with Seth Meyers
Ian McKellen,The Hobbit: The Desolation of Smaug
Sean Astin,Borderland
Sean Astin,The Final Season
Sean Astin,The Big Bang Theory
Sean Astin,Masters of Science Fiction
Sean Astin,What Love Is
Sean Astin,My Wife Is Retarded
Sean Astin,The Making of The Fellowship of the Ring
Sean Astin,Click
Sean Astin,Love and Debate
Sean Astin,The Reichen Show
Sean Astin,The Art of Imagination: A Tribute to Oz
Sean Astin,My Name Is Earl
Sean Astin,Meerkat Manor
Sean Astin,Into the West
Sean Astin,Smile
Sean Bean,The Big Empty
Sean Bean,The Lord of the Rings: The Two Towers
Sean Bean,Equilibrium
Sean Bean,HypaSpace
Sean Bean,Tom & Thomas
Sean Bean,The Lord of the Rings: The Fellowship of the Ring
Sean Bean,A Passage to Middle-earth: Making of 'Lord of the Rings'
Sean Bean,Quest for the Ring
Sean Bean,Don't Say a Word
Sean Bean,Essex Boys
Sean Bean,Extremely Dangerous
Sean Bean,Bravo Two Zero
Sean Bean,Family Guy
Sean Bean,Ronin
Sean Bean,Airborne
Viggo Mortensen,Salvation!
Viggo Mortensen,Witness
Viggo Mortensen,Miami Vice
Viggo Mortensen,Search for Tomorrow
Ian McKellen,The Wolverine: Path of a Ronin
Ian McKellen,The Five(ish) Doctors Reboot
Ian McKellen,Muse of Fire
Ian McKellen,The Wolverine
Ian McKellen,The Egg Trick
Ian McKellen,Vicious
Ian McKellen,Doctor Who: The Snowmen
Ian McKellen,The Hobbit: An Unexpected Journey
Ian McKellen,London 2012: Paralympics Opening Ceremony
Ian McKellen,Looking for Lowry
Ian McKellen,The Betty Driver Story
Ian McKellen,Small-Time Revolutionary
Ian McKellen,A Lost and Found Box of Human Sensation
Ian McKellen,Never Sleep Again: The Elm Street Legacy
Ian McKellen,The Prisoner
Ian McKellen,Theatreland
Sean Astin,Bigger Than the Sky
Sean Astin,Slipstream
Sean Astin,Marilyn Hotchkiss' Ballroom Dancing & Charm School
Sean Astin,Ringers: Lord of the Fans
Sean Astin,Hercules
Sean Astin,The Tony Danza Show
Sean Astin,Elvis Has Left the Building
Sean Astin,Balto III: Wings of Change
Sean Astin,50 First Dates
Sean Astin,Best Week Ever
Sean Astin,The Quest Fulfilled: A Director's Vision
Sean Astin,The Lord of the Rings: The Return of the King
Sean Astin,NCIS
Sean Astin,Las Vegas
Sean Astin,The Ellen DeGeneres Show
Sean Astin,Real Time with Bill Maher
Sean Astin,Jimmy Kimmel Live!
Sean Bean,La Coupe De La Gloire
Sean Bean,Sharpe: The Legend
Sean Bean,Sharpe's Waterloo
Sean Bean,Sharpe's Justice
Sean Bean,Sharpe's Revenge
Sean Bean,Anna Karenina
Sean Bean,Sharpe's Mission
Sean Bean,Sharpe's Siege
Sean Bean,Sharpe's Regiment
Sean Bean,When Saturday Comes
Sean Bean,TFI Friday
Sean Bean,Goldeneye: The Secret Files
Sean Bean,In Search of James Bond with Jonathan Ross
Sean Bean,GoldenEye
Sean Bean,The Frank Skinner Show
Sean Bean,Soccer AM
Sean Bean,Sharpe's Sword
Ian McKellen,King Lear
Ian McKellen,The Golden Compass
Ian McKellen,Stardust
Ian McKellen,For the Love of God
Ian McKellen,The Graham Norton Show
Ian McKellen,Flushed Away
Ian McKellen,X-Men: The Last Stand - Production Diaries
Ian McKellen,X-Men: Evolution of a Trilogy
Ian McKellen,The One Show
Ian McKellen,X-Men: The Last Stand
Ian McKellen,The Da Vinci Code
Ian McKellen,Saint of 9/11
Ian McKellen,Doogal
Ian McKellen,Asylum
Ian McKellen,Neverwas
Cameron Rhodes,The Royal Treatment
Cameron Rhodes,Dead
Cameron Rhodes,In Dark Places
Cameron Rhodes,The New Legends of Monkey
Cameron Rhodes,Kim Dotcom: Caught in the Web
Cameron Rhodes,Jean
Cameron Rhodes,The Fruity
Cameron Rhodes,Deathgasm
Cameron Rhodes,The Brokenwood Mysteries
Cameron Rhodes,Housebound
Cameron Rhodes,Homebound
Cameron Rhodes,Agent Anna
Cameron Rhodes,Power Rangers Samurai: Clash of the Red Rangers - The Movie
Cameron Rhodes,Spies and Lies
Cameron Rhodes,I'm Not Harry Jenson
Cameron Rhodes,Brave Donkey
Sean Astin,Snowflake Bentley
Sean Astin,The Lord of the Rings: The Two Towers
Sean Astin,Monk
Sean Astin,Jeremiah
Sean Astin,Beyond the Movie: The Fellowship of the Ring
Sean Astin,The Lord of the Rings: The Fellowship of the Ring
Sean Astin,A Passage to Middle-earth: Making of 'Lord of the Rings'
Sean Astin,Quest for the Ring
Sean Astin,24
Sean Astin,Dish Dogs
Sean Astin,The Last Producer
Sean Astin,Deterrence
Sean Astin,Icebreaker
Sean Astin,Kimberly
Sean Astin,Boy Meets Girl
Sean Bean,Sharpe's Battle
Sean Bean,Sharpe's Gold
Sean Bean,GoldenEye: The Secret Files - The Cast
Sean Bean,Shopping
Sean Bean,Jacob
Sean Bean,Scarlett
Sean Bean,Black Beauty
Sean Bean,Sharpe's Honour
Sean Bean,Sharpe's Enemy
Sean Bean,Sharpe's Company
Sean Bean,A Woman's Guide to Adultery
Sean Bean,Lady Chatterley
Sean Bean,Sharpe's Eagle
Sean Bean,Sharpe
Sean Bean,Sharpe's Rifles
Sean Bean,Fool's Gold: The Story Of The Brink's Mat Robbery
Sean Bean,Patriot Games
Ian McKellen,The Hobart Shakespeareans
Ian McKellen,Extras
Ian McKellen,Doctor Who
Ian McKellen,The Magic Roundabout
Ian McKellen,Ringers: Lord of the Fans
Ian McKellen,Eighteen
Ian McKellen,Who Do You Think You Are?
Ian McKellen,The Paul O'Grady Show
Ian McKellen,Frodo Is Great... Who Is That?!!
Ian McKellen,Peter Tatchell: Just Who Does He Think He Is?
Ian McKellen,The Quest Fulfilled: A Director's Vision
Ian McKellen,The Lord of the Rings: The Return of the King
Ian McKellen,The Second Uncanny Issue of X-Men: Making X2
Ian McKellen,Churchill
Ian McKellen,X2
Ian McKellen,Real Time with Bill Maher
Cameron Rhodes,"The Chronicles of Narnia: The Lion, the Witch and the Wardrobe"
Cameron Rhodes,The Lord of the Rings: The Fellowship of the Ring
Cameron Rhodes,Dark Knight
Cameron Rhodes,Dark Knight
Cameron Rhodes,Xena: Warrior Princess
Cameron Rhodes,Power Rangers
Cameron Rhodes,Home and Away
Sean Astin,Bulworth
Sean Astin,The Long Way Home
Sean Astin,The View
Sean Astin,Perversions of Science
Sean Astin,Courage Under Fire
Sean Astin,The Low Life
Sean Astin,Harrison Bergeron
Sean Astin,Safe Passage
Sean Astin,Teresa's Tattoo
Sean Astin,Rudy
Sean Astin,Late Night with Conan O'Brien
Sean Astin,Where the Day Takes You
Sean Astin,The Tonight Show with Jay Leno
Sean Astin,Encino Man
Sean Astin,Toy Soldiers
Sean Astin,The Willies
Sean Astin,Law & Order
Sean Astin,Memphis Belle
Sean Bean,Clarissa
Sean Bean,Prince
Sean Bean,Tell Me That You Love Me
Sean Bean,My Kingdom for a Horse
Sean Bean,The Field
Sean Bean,Wedded
Sean Bean,Windprints
Sean Bean,Small Zones
Sean Bean,Lorna Doone
Sean Bean,How to Get Ahead in Advertising
Sean Bean,War Requiem
Sean Bean,The Fifteen Streets
Sean Bean,This Morning
Sean Bean,The Storyteller
Sean Bean,Troubles
Sean Bean,Stormy Monday
Sean Bean,Inspector Morse
Ian McKellen,X-Factor: The Look of X-Men
Ian McKellen,X-Men: Premieres Around the World
Ian McKellen,X-Men: The Uncanny Suspects
Ian McKellen,Jimmy Kimmel Live!
Ian McKellen,Émile
Ian McKellen,The Lord of the Rings: The Two Towers
Ian McKellen,Ant & Dec's Saturday Night Takeaway
Ian McKellen,Beyond the Movie: The Fellowship of the Ring
Ian McKellen,The Lord of the Rings: The Fellowship of the Ring
Ian McKellen,A Passage to Middle-earth: Making of 'Lord of the Rings'
Ian McKellen,Quest for the Ring
Ian McKellen,Larry & Vivien: The Oliviers in Love
Ian McKellen,X-Men: The Mutant Watch
Ian McKellen,X-Men
Ian McKellen,Cirque du Soleil: Journey of Man
Ian McKellen,Now You See Him: 'The Invisible Man' Revealed!
Sean Astin,The War of the Roses
Sean Astin,Staying Together
Sean Astin,Like Father Like Son
Sean Astin,White Water Summer
Sean Astin,The B.R.A.T. Patrol
Sean Astin,The Goonies
Sean Astin,The Making of 'The Goonies'
Sean Astin,"Please Don't Hit Me, Mom"
Sean Astin,The Rules of Marriage
Sean Bean,Caravaggio
Sean Bean,Exploits at West Poley
Sean Bean,Winter Flight
Sean Bean,The Bill
Sean Bean,Natural World
Ian McKellen,David Copperfield
Ian McKellen,The World of Gods and Monsters: A Journey with James Whale
Ian McKellen,Family Guy
Ian McKellen,Apt Pupil
Ian McKellen,Swept from the Sea
Ian McKellen,Gods and Monsters
Ian McKellen,Bent
Ian McKellen,The View
Ian McKellen,Surviving Friendly Fire
Ian McKellen,A Bit Of Scarlet
Ian McKellen,Rasputin
Ian McKellen,Restoration
Ian McKellen,Richard III
Ian McKellen,Jack & Sarah
Ian McKellen,Cold Comfort Farm
Ian McKellen,To Die For
Ian McKellen,The Shadow
Ian McKellen,Inside the Actors Studio
Ian McKellen,David Macaulay: Roman City
Ian McKellen,I'll Do Anything
Ian McKellen,Six Degrees of Separation
Ian McKellen,Tales of the City
Ian McKellen,And the Band Played On
Ian McKellen,The Ballad of Little Jo
Ian McKellen,Last Action Hero
Ian McKellen,Othello
Ian McKellen,The Simpsons
Ian McKellen,Countdown to War
Ian McKellen,Scandal
Ian McKellen,Windmills of the Gods
Ian McKellen,Zina
Ian McKellen,Plenty
Ian McKellen,Playing Shakespeare
Ian McKellen,The Keep
Ian McKellen,Walter and June
Ian McKellen,The Scarlet Pimpernel
Ian McKellen,Walter
Ian McKellen,Ian McKellen: Acting Shakespeare
Ian McKellen,Pillar of Fire
Ian McKellen,Priest of Love
Ian McKellen,Macbeth
Ian McKellen,The Vanishing Army
Ian McKellen,Armchair Thriller
Ian McKellen,An Audience with...
Ian McKellen,Saturday Night Live
Ian McKellen,Playhouse
Ian McKellen,Hedda Gabler
Ian McKellen,Country Matters
Ian McKellen,Edward II
Ian McKellen,The Tragedy of King Richard II
Ian McKellen,The Promise
Ian McKellen,Sesame Street
Ian McKellen,Alfred the Great
Ian McKellen,A Touch of Love
Ian McKellen,David Copperfield
Ian McKellen,Play of the Month
Ian McKellen,Coronation Street
Ian McKellen,The Oscars
